timestamp,position,x_pos,y_pos,fx,fy,fz,tx,ty,tz,mag0_x,mag0_y,mag0_z,mag1_x,mag1_y,mag1_z,mag2_x,mag2_y,mag2_z,mag3_x,mag3_y,mag3_z,mag4_x,mag4_y,mag4_z
1761629728.9889007,2,2,1,-0.2993336634254352,-0.14853064233520485,-0.4783218728911356,0.0007918971608239936,0.002316050052657162,-0.0008996258694600579,-1.4399902343750455,3.8400390624999545,-1.548828125,-5.280004882812477,12.479992675781261,1.548828125,0.0,-2.39990234375,-3.871826171875,6.719970703125,-13.440087890624909,-3.87200927734375,2.8799865722656364,-3.3600341796875455,-4.646484375
1761629729.0995555,2,2,1,-0.26825442866526883,0.08806268587746492,-0.3029146124271581,-0.001798328046573661,0.0019102125027578923,-0.0028239108391357307,0.9600341796874545,3.8400390624999545,-13.164794921875,-2.8799804687499773,5.280010986328136,5.4208984375,-2.4000244140625,2.39990234375,-3.871826171875,6.719970703125,-11.039941406249909,-3.87200927734375,2.8799865722656364,-0.9600097656250455,-8.5185546875
1761629729.2867904,2,2,1,-0.020113136941336797,-0.15303842586384683,-0.4315869826508152,-0.00586683662462177,0.0005395889619686515,0.00018099995803427465,0.9600341796874545,3.8400390624999545,-5.420654296875,-2.8799804687499773,5.280010986328136,-2.3232421875,2.4000244140625,2.39990234375,-7.743896484375,4.320068359375,-8.640039062499909,-3.87200927734375,0.47999267578126137,3.8399780273437045,-0.7744140625
1761629729.4079666,2,2,1,0.11607067743938025,-0.2418553199875425,-0.5666658737029281,-0.009910546468271317,-0.003891909664023494,0.0009811622974600872,0.9600341796874545,8.639965820312455,-1.548828125,-0.48001708984372726,5.280010986328136,5.4208984375,0.0,4.800048828125,0.0,1.919921875,-11.039941406249909,0.0,-1.9200012207031136,-0.9600097656250455,-0.7744140625
1761629729.5161474,2,2,1,0.3288695628272715,-0.36565201723159746,-0.5556651106353051,-0.009041873355474983,-0.0039052276982847597,0.0009986091544917216,0,0,0,0,0,0,0,0,0,0,0,0,0,0,0
1761629729.6102688,2,2,1,0.3344270043889323,-0.3788314329070277,-0.3995495185718471,-0.006974477399130883,-0.00023466379742438106,0.0001271657664502772,3.3599365234374545,11.039990234374955,-5.420654296875,-0.48001708984372726,2.8800170898437614,1.548828125,-4.7999267578125,2.39990234375,0.0,1.919921875,-13.440087890624909,3.87200927734375,2.8799865722656364,1.4400146484374545,-0.7744140625
1761629729.8920238,2,2,1,0.11702005726896939,-0.21881731956861922,-0.23774104537200882,-0.006512843510651776,0.0007970049113488864,-0.0004511289636221303,3.3599365234374545,3.8400390624999545,-1.548828125,1.9200073242187727,5.280010986328136,9.292724609375,-2.4000244140625,2.39990234375,0.0,4.320068359375,-8.640039062499909,0.0,2.8799865722656364,-0.9600097656250455,-0.7744140625
1761629730.391977,2,2,1,0.20754070656505474,-0.6468215067352729,-0.5102993982570361,-0.009403824953556789,-0.005363977679890976,-0.00302720516241078,3.3599365234374545,11.039990234374955,-9.292724609375,-2.8799804687499773,2.8800170898437614,5.4208984375,2.4000244140625,2.39990234375,0.0,9.119873046875,-13.440087890624909,-3.87200927734375,5.280010986328136,-0.9600097656250455,-4.646484375
1761629730.4666164,2,2,1,0.19460489729754823,-0.661814466161413,-0.44743888515484564,-0.010532558538143054,-0.0043204814010942925,-0.003320793743563074,-3.8400146484375455,3.8400390624999545,2.3232421875,-2.8799804687499773,2.8800170898437614,9.292724609375,2.4000244140625,2.39990234375,-3.871826171875,6.719970703125,-11.039941406249909,-3.87200927734375,2.8799865722656364,-3.3600341796875455,3.09765625
1761629730.688917,2,2,1,0.2092667845074147,-1.0601001970919994,-0.7334414646616148,-0.011844415197826854,-0.006839150415260015,-0.004176144397942155,0.9600341796874545,8.639965820312455,-1.548828125,-2.8799804687499773,5.280010986328136,5.4208984375,0.0,0.0,-7.743896484375,6.719970703125,-11.039941406249909,-3.87200927734375,0.47999267578126137,-0.9600097656250455,-8.5185546875
1761629730.7970684,2,2,1,0.21542036255656916,-1.105918413961736,-0.6955933491475708,-0.01153356330887895,-0.008921234779772198,-0.0049395592664724436,0,0,0,0,0,0,0,0,0,0,0,0,0,0,0
1761629730.8906884,2,2,1,0.24652902995070616,-1.1986378359453378,-0.5957185610894928,-0.011790135435747737,-0.008300127988002374,-0.0063041700870900864,0,0,0,0,0,0,0,0,0,0,0,0,0,0,0
1761629730.9983644,2,2,1,0.25184274551631164,-1.1269186967802252,-0.6819376184825581,-0.012212397051824439,-0.009137630921291523,-0.005561509041159783,0.9600341796874545,3.8400390624999545,-9.292724609375,-0.48001708984372726,10.079998779296886,1.548828125,0.0,2.39990234375,0.0,4.320068359375,-11.039941406249909,-3.87200927734375,2.8799865722656364,3.8399780273437045,-4.646484375
1761629731.091953,2,2,1,0.29274552946482885,-1.1279938185972416,-0.6804195729542608,-0.011704804445111024,-0.010321423290770577,-0.005715504542526383,0.9600341796874545,3.8400390624999545,2.3232421875,1.9200073242187727,0.47999267578126137,-2.3232421875,-2.4000244140625,4.800048828125,0.0,6.719970703125,-13.440087890624909,-3.87200927734375,-1.9200012207031136,-0.9600097656250455,-4.646484375
1761629731.2937376,2,2,1,0.2810899140029878,-1.076141231601371,-0.5969469856426729,-0.01226526821388561,-0.011163402781448735,-0.006005548434771099,-1.4399902343750455,8.639965820312455,-1.548828125,-0.48001708984372726,7.680004882812511,1.548828125,-2.4000244140625,0.0,-7.743896484375,6.719970703125,-11.039941406249909,3.87200927734375,5.280010986328136,-5.7599975585937955,-4.646484375
1761629731.4947288,2,2,1,0.31366426601755476,-1.085850578439668,-0.6469539840019156,-0.012030421578515428,-0.011435699541119532,-0.00656904752264242,10.560009765624955,8.639965820312455,13.939208984375,1.9200073242187727,12.479992675781261,20.908935546875,-7.199951171875,24.0,15.488037109375,-10.080078125,-32.64003906249991,-11.61602783203125,7.680004882812511,1.4400146484374545,6.969482421875
1761629731.6006684,2,2,1,0.29455054665947744,-1.0145815340605462,-0.7938992608495757,-0.010984977318781572,-0.011570283815538233,-0.0063104301856587155,20.159985351562455,18.239941406249955,13.939208984375,-5.280004882812477,19.68000488281251,32.52490234375,-7.199951171875,36.0,23.232177734375,-19.679931640625,-61.44008789062491,-15.488037109375,7.680004882812511,8.639965820312455,14.713623046875
1761629731.6965687,2,2,1,0.33551839416275553,-1.0158606953123617,-0.7416670739322347,-0.010469196575571762,-0.012745443382525631,-0.006680802056770791,27.359936523437455,23.039990234374955,25.55517578125,-0.48001708984372726,19.68000488281251,48.0126953125,-14.4000244140625,60.0,46.464111328125,-26.880126953125,-95.03994140624991,-11.61602783203125,2.8799865722656364,13.440014648437455,26.32958984375
1761629731.80707,2,2,1,0.32557745887840184,-1.0438444106965437,-1.0035474189018367,-0.008772525198540233,-0.012464250917646127,-0.006998905201131292,32.159985351562455,27.840039062499955,33.29931640625,-12.480017089843727,24.47999267578126,63.500732421875,-14.4000244140625,81.60009765625,54.2080078125,-41.280029296875,-123.83999023437491,-11.61602783203125,0.47999267578126137,15.839978027343705,22.45751953125
1761629731.9132187,2,2,1,0.3106592246016069,-1.0002367598894963,-1.0519246022655018,-0.008769924593315763,-0.01346774910339785,-0.007411062827671394,41.759960937499955,35.039990234374955,37.171142578125,-17.280004882812477,29.280010986328136,78.98876953125,-16.7999267578125,98.39990234375,69.696044921875,-55.679931640625,-162.2401367187499,-15.488037109375,2.8799865722656364,23.039990234374955,34.073486328125
1761629732.087936,2,2,1,0.3011531997238171,-0.9571446672505941,-1.4296031308683523,-0.006518490456551264,-0.013587782703374542,-0.007461715831895667,75.35993652343745,54.239941406249955,56.53125,-10.079992675781227,43.68000488281251,117.708740234375,-26.4000244140625,182.39990234375,112.2880859375,-89.280029296875,-251.0399414062499,-27.10400390625,-4.319995117187489,30.240002441406205,76.66552734375
1761629732.1958694,2,2,1,0.3077889243625471,-0.8639634765047886,-1.6707383450658095,-0.007334385813001605,-0.012499059459017685,-0.006777580064921881,104.15998535156245,78.23994140624995,75.89111328125,-12.480017089843727,62.88001708984376,148.684814453125,-36.0,225.60009765625,131.648193359375,-118.080078125,-323.0399414062499,-61.9520263671875,-1.9200012207031136,30.240002441406205,92.153564453125
1761629732.2696779,2,2,1,0.3163073718781826,-0.8779765496417281,-1.7048521740891762,-0.007455503623492484,-0.012762499685515778,-0.006789168549561215,120.96003417968745,90.23994140624995,75.89111328125,-10.079992675781227,84.48002319335939,171.916748046875,-45.5999755859375,242.39990234375,131.648193359375,-137.280029296875,-359.0399414062499,-81.31201171875,7.680004882812511,32.639965820312455,99.8974609375
1761629732.3648877,2,2,1,0.3467876496164014,-0.8615959226760398,-1.9062153922129341,-0.006712377666159808,-0.011917503218650496,-0.006702904142183339,137.75996093749995,97.44001464843745,75.89111328125,-7.680029296874977,91.68000488281251,183.53271484375,-48.0,285.60009765625,162.6240234375,-161.280029296875,-407.0399414062499,-89.0560302734375,2.8799865722656364,37.440014648437455,107.6416015625
1761629732.4925776,2,2,1,0.4004028837383954,-0.8022067959189294,-2.2271528746497493,-0.0068350418578811065,-0.012512715082484551,-0.007527372724421014,147.36005859374995,107.03999023437495,91.379150390625,-7.680029296874977,101.28001098632814,183.53271484375,-52.7999267578125,292.800048828125,158.752197265625,-170.880126953125,-431.0399414062499,-96.79998779296875,5.280010986328136,37.440014648437455,115.385498046875
1761629732.6007438,2,2,1,0.3870123440449939,-0.7130882035109192,-2.2100622940097976,-0.006770495765525129,-0.012603664664527342,-0.007294219533977521,0,0,0,0,0,0,0,0,0,0,0,0,0,0,0
1761629732.676381,2,2,1,0.38748212925737513,-0.7540680032544542,-2.161565703660365,-0.007261752505858003,-0.012319935707367453,-0.007353562515259973,0,0,0,0,0,0,0,0,0,0,0,0,0,0,0
1761629732.7845592,2,2,1,0.38419491154771784,-0.6219914441110004,-2.2758698022057313,-0.005551937385013786,-0.010440610161132038,-0.006772635588474685,142.56000976562495,97.44001464843745,87.50732421875,-2.8799804687499773,94.07999877929689,179.660888671875,-50.4000244140625,290.39990234375,147.13623046875,-154.080078125,-397.4400878906249,-89.0560302734375,0.47999267578126137,37.440014648437455,115.385498046875
1761629732.8982193,2,2,1,0.42749631734707816,-0.6656534888626825,-1.6961479787669445,-0.0037276960012759784,-0.012001479686844351,-0.007883423046427595,113.75996093749995,80.63996582031245,68.147216796875,11.519982910156273,77.28001098632814,148.684814453125,-43.199951171875,213.60009765625,112.2880859375,-118.080078125,-299.0399414062499,-81.31201171875,10.079998779296886,30.240002441406205,103.76953125
1761629732.992835,2,2,1,0.4425223267327913,-0.7278388528146331,-0.8040713056791332,-0.00866412449470843,-0.014331478903402708,-0.008676022859274445,113.75996093749995,78.23994140624995,60.4033203125,13.920007324218773,86.88001708984376,144.812744140625,-45.5999755859375,184.800048828125,92.92822265625,-113.280029296875,-277.4400878906249,-81.31201171875,22.079998779296886,27.839978027343705,88.281494140625
1761629733.1005101,2,2,1,0.47377323934869686,-0.7700195063145434,-0.8100764101120401,-0.010164683242993706,-0.015463199228918985,-0.008446892711177802,99.35993652343745,80.63996582031245,52.6591796875,21.120019531250023,94.07999877929689,144.812744140625,-45.5999755859375,158.39990234375,77.440185546875,-108.47998046875,-251.0399414062499,-85.18402099609375,26.879986572265636,27.839978027343705,88.281494140625
1761629733.3958683,2,2,1,0.4558081779450305,-0.8127704118620045,-0.6556509026185512,-0.010127903095122834,-0.016961035639085097,-0.008778957826163208,82.56000976562495,68.63996582031245,48.787109375,18.719995117187523,72.47999267578126,121.580810546875,-36.0,132.0,65.82421875,-94.080078125,-207.8399902343749,-65.82403564453125,22.079998779296886,23.039990234374955,65.049560546875
1761629733.5993888,2,2,1,0.4557567159738276,-0.8305761204121842,-0.5287372241677305,-0.00822139739783792,-0.01821388267866586,-0.00927127947887356,77.75996093749995,61.440014648437455,41.043212890625,18.719995117187523,70.07999877929689,113.8369140625,-38.4000244140625,127.199951171875,61.9521484375,-79.679931640625,-186.2401367187499,-65.82403564453125,22.079998779296886,23.039990234374955,68.921630859375
1761629733.8017724,2,2,1,0.4380055739920488,-0.8201642676701654,-0.4935380123363763,-0.007958911703870548,-0.01814964817108016,-0.009180180196330956,75.35993652343745,61.440014648437455,44.915283203125,18.719995117187523,72.47999267578126,117.708740234375,-36.0,112.800048828125,58.080078125,-82.080078125,-179.0399414062499,-61.9520263671875,26.879986572265636,23.039990234374955,65.049560546875
1761629733.9899316,2,2,1,0.42445109205371145,-0.7990820239212066,-0.6846159333700831,-0.008851525520447892,-0.01602744835072824,-0.008315455607164767,120.96003417968745,92.63996582031245,48.787109375,30.719995117187523,108.48002319335939,156.4287109375,-48.0,184.800048828125,73.568115234375,-118.080078125,-267.8399902343749,-108.416015625,34.079998779296886,23.039990234374955,99.8974609375
1761629734.1923802,2,2,1,0.37784504858782747,-0.5817814423797995,-1.4973668596290837,-0.005000950420529648,-0.012153101606475498,-0.007746934013695502,173.75996093749995,111.84003906249995,68.147216796875,23.519982910156273,115.68000488281251,191.27685546875,-52.7999267578125,300.0,127.776123046875,-154.080078125,-387.8399902343749,-120.031982421875,14.879986572265636,23.039990234374955,142.489501953125
1761629734.3010378,2,2,1,0.46298713034129346,-0.5121782816651234,-1.695257875905651,0.001214870587539718,-0.012625225327854008,-0.00834442080019436,171.36005859374995,107.03999023437495,72.019287109375,25.920007324218773,101.28001098632814,187.40478515625,-50.4000244140625,316.800048828125,131.648193359375,-149.280029296875,-397.4400878906249,-116.1600341796875,7.680004882812511,23.039990234374955,146.361572265625
1761629734.3966637,2,2,1,0.46824064010804123,-0.5298746375019008,-1.7699339750367633,0.0035506128317983297,-0.012533762987549008,-0.008984800084651455,166.56000976562495,107.03999023437495,79.76318359375,13.920007324218773,101.28001098632814,191.27685546875,-50.4000244140625,321.60009765625,151.008056640625,-158.880126953125,-402.2401367187499,-108.416015625,7.680004882812511,27.839978027343705,142.489501953125
1761629734.5978806,2,2,1,0.4302389860238218,-0.36084728575873243,-1.7183571045258863,0.0026072764269389724,-0.015615757646490327,-0.009376748459739426,176.15998535156245,109.44001464843745,87.50732421875,1.9200073242187727,106.07999877929689,199.020751953125,-57.5999755859375,345.60009765625,166.49609375,-180.47998046875,-459.8399902343749,-112.28802490234375,2.8799865722656364,32.639965820312455,127.00146484375
1761629734.8006546,2,2,1,0.42319250397810826,-0.22320429482552928,-1.8068780130036866,0.0017085970506227517,-0.015808189215866457,-0.00856439415871103,173.75996093749995,119.03999023437495,95.251220703125,1.9200073242187727,120.48002319335939,206.764892578125,-57.5999755859375,355.199951171875,181.984130859375,-194.880126953125,-481.4400878906249,-127.7760009765625,-1.9200012207031136,39.839978027343705,134.74560546875
1761629734.893807,2,2,1,0.4263904852496985,-0.16661040741608882,-1.8091432516293038,0.0015044797101127511,-0.015296383176480206,-0.008101879133071905,178.56000976562495,116.63996582031245,102.9951171875,-2.8799804687499773,118.07999877929689,202.892822265625,-57.5999755859375,355.199951171875,185.856201171875,-194.880126953125,-491.0401855468749,-123.90399169921875,-4.319995117187489,37.440014648437455,134.74560546875
1761629734.987943,2,2,1,0.4114962031039609,-0.1519031003464662,-1.7910622880389289,0.0012992754233025778,-0.016480748774006626,-0.008254157139976282,0,0,0,0,0,0,0,0,0,0,0,0,0,0,0
1761629735.1000822,2,2,1,0.39669827690777115,-0.14178162055421334,-1.8599533881462769,0.0008681694184773919,-0.016471676465480582,-0.007734179870173175,0,0,0,0,0,0,0,0,0,0,0,0,0,0,0
1761629735.2978885,2,2,1,0.35966273288110917,-0.15936637400748013,-2.1597729814966975,0.0011336528119748838,-0.016459643288906808,-0.007760187283797075,192.96003417968745,123.84003906249995,114.611328125,-10.079992675781227,125.28001098632814,226.124755859375,-62.4000244140625,384.0,212.960205078125,-218.880126953125,-543.8399902343749,-131.64801025390625,-4.319995117187489,42.240002441406205,142.489501953125
1761629735.5948112,2,2,1,0.39468292260376603,-0.11223538986014259,-1.6934007999736442,-4.75973235724951e-06,-0.01804553528943894,-0.007837800988841247,180.96003417968745,121.44001464843745,106.8671875,-14.879980468749977,122.88001708984376,218.380859375,-57.5999755859375,367.199951171875,201.343994140625,-214.080078125,-519.8399902343749,-120.031982421875,-6.719989013671864,44.639965820312455,127.00146484375
1761629735.6238234,2,2,1,0.41360756515908786,-0.09199514633982539,-1.6779426439012273,-0.00016142330703534588,-0.0184031731268468,-0.007678560602990612,180.96003417968745,121.44001464843745,106.8671875,-19.680029296874977,118.07999877929689,214.5087890625,-55.199951171875,369.60009765625,197.47216796875,-211.679931640625,-522.2401367187499,-123.90399169921875,-1.9200012207031136,42.240002441406205,134.74560546875
1761629735.7324524,2,2,1,0.4050470159638446,-0.06239239563676828,-1.686954344864227,0.0019115283651922714,-0.017830934362979053,-0.007909695340535006,176.15998535156245,119.03999023437495,110.7392578125,-17.280004882812477,115.68000488281251,214.5087890625,-60.0,367.199951171875,216.83203125,-218.880126953125,-531.8399902343749,-120.031982421875,-4.319995117187489,47.039990234374955,134.74560546875
1761629735.8264854,2,2,1,0.4041319929806598,-0.011465560739341421,-1.794298501632979,0.000628811037245337,-0.017316484113785134,-0.007176179374562915,0,0,0,0,0,0,0,0,0,0,0,0,0,0,0
1761629736.0008583,2,2,1,0.4179113590497624,0.0017263657480636324,-1.7062703757046247,0.0016074213578561591,-0.01806503320804379,-0.007298222959331625,164.15998535156245,114.23994140624995,106.8671875,-24.480017089843727,108.48002319335939,210.63671875,-55.199951171875,345.60009765625,189.72802734375,-199.679931640625,-500.6400390624999,-116.1600341796875,-4.319995117187489,47.039990234374955,115.385498046875
1761629736.1072905,2,2,1,0.4189992630027199,-0.004351211914240316,-1.30144609954952,0.0016901221000471828,-0.019149156560794217,-0.007231146344095933,152.15998535156245,107.03999023437495,102.9951171875,-26.879980468749977,103.68000488281251,191.27685546875,-52.7999267578125,321.60009765625,185.856201171875,-185.280029296875,-481.4400878906249,-100.6719970703125,-6.719989013671864,44.639965820312455,119.257568359375
1761629736.1992235,2,2,1,0.4399876584417273,0.005507391161675784,-1.1780126567513842,0.0029835534403104148,-0.020318744929695806,-0.007729918978234461,147.36005859374995,99.84003906249995,102.9951171875,-29.280004882812477,91.68000488281251,187.40478515625,-52.7999267578125,316.800048828125,181.984130859375,-175.679931640625,-467.0399414062499,-92.92803955078125,-6.719989013671864,42.240002441406205,115.385498046875
1761629736.5911694,2,2,1,0.4122352254334374,0.05372434767513388,-1.1655616324720777,0.0059236744102401165,-0.021455263533737702,-0.00693513487898074,125.75996093749995,85.44001464843745,95.251220703125,-46.07999267578123,67.68000488281251,168.044921875,-38.4000244140625,300.0,197.47216796875,-166.080078125,-452.6400390624999,-61.9520263671875,-16.31999511718749,44.639965820312455,103.76953125
1761629736.7013206,2,2,1,0.42837731335983253,0.04842741369282541,-1.1588564717385188,0.007885403981618975,-0.020992761284302493,-0.007314597472927367,0,0,0,0,0,0,0,0,0,0,0,0,0,0,0
1761629736.9953306,2,2,1,0.44738579063193673,0.030543987290394124,-1.3327170254645946,0.007000210683561835,-0.0193133581640576,-0.007456913462868094,135.36005859374995,95.03999023437495,106.8671875,-46.07999267578123,67.68000488281251,187.40478515625,-48.0,336.0,212.960205078125,-173.280029296875,-486.2401367187499,-65.82403564453125,-23.52000732421874,47.039990234374955,111.513427734375
1761629737.0894527,2,2,1,0.4134551373393652,0.015349920203912563,-1.4271287482921318,0.008513822849078367,-0.01844166072158631,-0.00748230893004499,140.15998535156245,95.03999023437495,110.7392578125,-43.68002929687498,70.07999877929689,179.660888671875,-45.5999755859375,336.0,212.960205078125,-175.679931640625,-486.2401367187499,-69.69598388671875,-23.52000732421874,42.240002441406205,103.76953125
1761629737.2016613,2,2,1,0.43294735489148606,0.12741424069772891,-1.3497105191529755,0.007292323751250133,-0.018749622003551385,-0.0066881935132515925,142.56000976562495,95.03999023437495,110.7392578125,-43.68002929687498,72.47999267578126,187.40478515625,-45.5999755859375,338.39990234375,212.960205078125,-182.880126953125,-493.4400878906249,-73.5679931640625,-18.719989013671864,47.039990234374955,103.76953125
1761629737.2937436,2,2,1,0.4225533325249201,0.06414191838424756,-1.3325689509665122,0.0071135241984462295,-0.018832836001891513,-0.006833616485574122,147.36005859374995,99.84003906249995,110.7392578125,-43.68002929687498,79.68000488281251,179.660888671875,-45.5999755859375,345.60009765625,212.960205078125,-190.080078125,-503.0401855468749,-77.44000244140625,-21.120013427734364,47.039990234374955,115.385498046875
1761629737.4983752,2,2,1,0.37767462218805425,0.10821980414653534,-1.7160912050024912,0.007684162935353563,-0.018117374979705843,-0.0067370467674951655,156.96003417968745,109.44001464843745,126.227294921875,-43.68002929687498,82.07999877929689,199.020751953125,-52.7999267578125,374.39990234375,236.192138671875,-211.679931640625,-541.4400878906249,-81.31201171875,-23.52000732421874,49.440014648437455,115.385498046875
1761629737.5898137,2,2,1,0.33186352208270925,0.1316385290491665,-2.0496870794350572,0.008274341874373115,-0.017107444163147523,-0.006307940300067361,164.15998535156245,111.84003906249995,122.355224609375,-50.8800109863281,89.28001098632814,202.892822265625,-52.7999267578125,384.0,247.80810546875,-216.47998046875,-563.0401855468749,-96.79998779296875,-25.920001220703114,51.839978027343705,119.257568359375
1761629737.699738,2,2,1,0.32075048127710254,0.1376881701934463,-2.004179155669475,0.006983638860029956,-0.01646534511068654,-0.006454019327180215,161.75996093749995,107.03999023437495,126.227294921875,-48.48001708984373,86.88001708984376,195.14892578125,-55.199951171875,369.60009765625,236.192138671875,-211.679931640625,-548.6400390624999,-85.18402099609375,-21.120013427734364,49.440014648437455,115.385498046875
1761629737.7941704,2,2,1,0.3418056633643448,0.14949183006468625,-1.737269688816249,0.00650303429466033,-0.017377628038384028,-0.006283947840409796,142.56000976562495,97.44001464843745,110.7392578125,-46.07999267578123,74.88001708984376,187.40478515625,-48.0,336.0,216.83203125,-187.679931640625,-503.0401855468749,-73.5679931640625,-16.31999511718749,51.839978027343705,103.76953125
1761629737.90116,2,2,1,0.3395735554976938,0.11429819835923609,-1.1192379231788163,0.005224559226010994,-0.017766180175992272,-0.006456657415366919,142.56000976562495,99.84003906249995,114.611328125,-53.28000488281248,82.07999877929689,195.14892578125,-48.0,340.800048828125,216.83203125,-190.080078125,-510.2401367187499,-69.69598388671875,-23.52000732421874,51.839978027343705,99.8974609375
1761629738.0071604,2,2,1,0.36238766570238357,0.0894074505013846,-1.3211447950211603,0.005469536489284393,-0.017697247773034528,-0.006369267016727319,142.56000976562495,97.44001464843745,122.355224609375,-48.48001708984373,82.07999877929689,191.27685546875,-50.4000244140625,345.60009765625,224.576171875,-197.280029296875,-517.4400878906249,-73.5679931640625,-18.719989013671864,49.440014648437455,103.76953125
1761629738.114593,2,2,1,0.34227739455421824,0.13180079533716482,-1.5356339978817926,0.006433228868880696,-0.017923037671128586,-0.005898063587392569,152.15998535156245,102.23994140624995,118.483154296875,-50.8800109863281,84.48002319335939,195.14892578125,-52.7999267578125,367.199951171875,236.192138671875,-206.880126953125,-541.4400878906249,-77.44000244140625,-25.920001220703114,51.839978027343705,111.513427734375
1761629738.2070491,2,2,1,0.3281880234951238,0.1252218757147133,-1.8515027804824946,0.007271032356747212,-0.01706682645275326,-0.0063973027829903484,161.75996093749995,114.23994140624995,133.97119140625,-53.28000488281248,91.68000488281251,202.892822265625,-52.7999267578125,393.60009765625,251.68017578125,-223.679931640625,-584.6400390624999,-89.0560302734375,-23.52000732421874,59.039990234374955,119.257568359375
1761629738.3004813,2,2,1,0.271342453318438,0.15217563079326168,-2.1036103703546525,0.006748867059987918,-0.017188816456754054,-0.005944451295263484,161.75996093749995,109.44001464843745,133.97119140625,-60.48001708984373,91.68000488281251,206.764892578125,-55.199951171875,398.39990234375,259.424072265625,-226.080078125,-591.8399902343749,-81.31201171875,-28.31999511718749,51.839978027343705,123.129638671875
1761629738.4898384,2,2,1,0.3005348933226709,0.13000369947610413,-1.3688120521416716,0.006109671784033646,-0.016051108374221294,-0.005917267491432676,149.75996093749995,99.84003906249995,122.355224609375,-50.8800109863281,82.07999877929689,195.14892578125,-48.0,360.0,224.576171875,-197.280029296875,-519.8399902343749,-73.5679931640625,-21.120013427734364,56.639965820312455,107.6416015625
1761629738.5987666,2,2,1,0.2961259163563102,0.15264724654298573,-1.4315547159632294,0.007293945027996435,-0.016385345213705122,-0.005545632008374724,147.36005859374995,99.84003906249995,122.355224609375,-53.28000488281248,74.88001708984376,191.27685546875,-52.7999267578125,360.0,224.576171875,-199.679931640625,-531.8399902343749,-77.44000244140625,-25.920001220703114,51.839978027343705,111.513427734375
1761629738.692739,2,2,1,0.2761542801586251,0.13173807583012107,-1.547853111585133,0.007585071574124715,-0.015750064271840475,-0.0055056327244998576,152.15998535156245,104.63996582031245,126.227294921875,-53.28000488281248,82.07999877929689,199.020751953125,-45.5999755859375,369.60009765625,240.064208984375,-204.47998046875,-539.0401855468749,-81.31201171875,-23.52000732421874,51.839978027343705,115.385498046875
1761629738.788322,2,2,1,0.259991623928369,0.1570010709763136,-1.7010094567584186,0.007406158762015073,-0.01451953403858949,-0.005093888990698606,149.75996093749995,104.63996582031245,122.355224609375,-48.48001708984373,79.68000488281251,191.27685546875,-45.5999755859375,364.800048828125,224.576171875,-197.280029296875,-529.4400878906249,-81.31201171875,-25.920001220703114,47.039990234374955,119.257568359375
1761629738.8945065,2,2,1,0.2861961274089812,0.19360670979516698,-1.4384596731577797,0.0059335066262945465,-0.014648959712003994,-0.0054008407175369704,142.56000976562495,95.03999023437495,118.483154296875,-48.48001708984373,77.28001098632814,187.40478515625,-38.4000244140625,350.39990234375,212.960205078125,-187.679931640625,-503.0401855468749,-73.5679931640625,-23.52000732421874,42.240002441406205,115.385498046875
1761629738.988127,2,2,1,0.29219829223739785,0.12501863221354217,-1.2637475533346885,0.007773703111732951,-0.014261052213073031,-0.005402486853667011,144.96003417968745,95.03999023437495,110.7392578125,-46.07999267578123,77.28001098632814,183.53271484375,-45.5999755859375,348.0,216.83203125,-194.880126953125,-507.8399902343749,-73.5679931640625,-21.120013427734364,47.039990234374955,111.513427734375
1761629739.193284,2,2,1,0.30419762293063757,0.17215010786331209,-1.4496605224607801,0.007438898273856204,-0.015149220593762548,-0.005474767481211753,156.96003417968745,104.63996582031245,122.355224609375,-48.48001708984373,82.07999877929689,191.27685546875,-52.7999267578125,367.199951171875,228.447998046875,-199.679931640625,-534.2401367187499,-73.5679931640625,-23.52000732421874,47.039990234374955,119.257568359375
1761629739.2997913,2,2,1,0.26363220277109245,0.07638863667319194,-1.7953997258633014,0.009398328838378947,-0.01338942550856546,-0.005033398973702312,156.96003417968745,99.84003906249995,114.611328125,-46.07999267578123,79.68000488281251,195.14892578125,-48.0,372.0,224.576171875,-199.679931640625,-527.0401855468749,-81.31201171875,-28.31999511718749,44.639965820312455,119.257568359375
1761629739.502571,2,2,1,0.27283328147379426,0.13847043660933495,-1.217565198239269,0.006556353128196879,-0.014115443393700593,-0.005157807671369548,142.56000976562495,99.84003906249995,106.8671875,-41.28000488281248,72.47999267578126,191.27685546875,-48.0,345.60009765625,212.960205078125,-182.880126953125,-493.4400878906249,-77.44000244140625,-23.52000732421874,47.039990234374955,107.6416015625
1761629739.6898117,2,2,1,0.2539090647337977,0.16637510501960687,-1.316424221228798,0.007080151860770886,-0.01339888539733974,-0.0051930231401406375,164.15998535156245,111.84003906249995,130.09912109375,-46.07999267578123,82.07999877929689,210.63671875,-52.7999267578125,388.800048828125,240.064208984375,-206.880126953125,-558.2401367187499,-89.0560302734375,-25.920001220703114,49.440014648437455,119.257568359375
1761629739.8930783,2,2,1,0.20202276984298334,0.15828156774136404,-1.959396434195559,0.010344753694073932,-0.012137384762647644,-0.004547152228559647,144.96003417968745,97.44001464843745,106.8671875,-41.28000488281248,70.07999877929689,179.660888671875,-50.4000244140625,345.60009765625,205.216064453125,-180.47998046875,-491.0401855468749,-69.69598388671875,-23.52000732421874,47.039990234374955,111.513427734375
1761629740.001248,2,2,1,0.2524700089614206,0.12418852255206371,-0.9130528382745857,0.007187982323999496,-0.012768516445738242,-0.005122786776724398,132.96003417968745,92.63996582031245,95.251220703125,-36.48001708984373,67.68000488281251,171.916748046875,-45.5999755859375,312.0,178.112060546875,-158.880126953125,-445.4400878906249,-61.9520263671875,-18.719989013671864,39.839978027343705,99.8974609375
1761629740.187787,2,2,1,0.2412957671035003,0.06494242373501298,-0.9816073908638575,0.007003863901325962,-0.011358847952368066,-0.0052206806569994706,173.75996093749995,109.44001464843745,122.355224609375,-34.07999267578123,86.88001708984376,214.5087890625,-60.0,398.39990234375,228.447998046875,-204.47998046875,-553.4400878906249,-96.79998779296875,-21.120013427734364,47.039990234374955,130.87353515625
1761629740.593508,2,2,1,0.2464944895429782,0.0509714486580007,-1.0991333473844027,0.00755875746895205,-0.011237783232946379,-0.003851725057039036,164.15998535156245,102.23994140624995,114.611328125,-34.07999267578123,91.68000488281251,199.020751953125,-52.7999267578125,367.199951171875,216.83203125,-199.679931640625,-519.8399902343749,-92.92803955078125,-18.719989013671864,44.639965820312455,123.129638671875
1761629740.7966115,2,2,1,0.21888073759958876,0.07057182981791053,-0.9676343670712934,0.006411737409974267,-0.01138168303629217,-0.003889551960644822,130.56000976562495,85.44001464843745,95.251220703125,-26.879980468749977,70.07999877929689,168.044921875,-45.5999755859375,280.800048828125,162.6240234375,-144.47998046875,-399.8399902343749,-69.69598388671875,-9.120013427734364,39.839978027343705,99.8974609375
1761629740.9983919,2,2,1,0.16220023952925547,0.004809023039941802,-1.0683298754574049,0.0066773172096970075,-0.008934261956770755,-0.0029795371658124926,132.96003417968745,87.84003906249995,95.251220703125,-24.480017089843727,79.68000488281251,168.044921875,-45.5999755859375,290.39990234375,166.49609375,-154.080078125,-407.0399414062499,-73.5679931640625,-6.719989013671864,35.039990234374955,107.6416015625
1761629741.2012093,2,2,1,0.2789586376159296,-0.11956812005402398,0.21794324013714206,0.00522695495795571,-0.010438643192563627,-0.0033764422321759598,77.75996093749995,47.039990234374955,52.6591796875,9.120019531250023,34.079998779296886,102.220703125,-24.0,144.0,100.672119140625,-77.280029296875,-183.8399902343749,-34.8480224609375,-1.9200012207031136,27.839978027343705,61.177490234375
1761629741.3074005,2,2,1,0.2849668261541979,-0.25053693106431735,0.402654760408654,0.004710093525549151,-0.011096138142212136,-0.004005027560865633,60.960034179687455,30.239941406249955,48.787109375,6.719995117187523,24.47999267578126,82.86083984375,-16.7999267578125,122.39990234375,89.05615234375,-62.880126953125,-150.2401367187499,-30.97601318359375,-6.719989013671864,25.440014648437455,53.43359375
1761629741.4164798,2,2,1,0.30063324505473143,-0.15823111517108993,0.3901065239003517,0.005976693953231479,-0.011889540112796932,-0.0037778023485770104,53.759960937499955,27.840039062499955,44.915283203125,11.519982910156273,17.280010986328136,71.244873046875,-16.7999267578125,105.60009765625,85.18408203125,-55.679931640625,-133.4400878906249,-23.23199462890625,-6.719989013671864,20.639965820312455,49.5615234375
1761629741.5916939,2,2,1,0.23981757737318482,-0.16979116593398053,0.4356482838132798,0.004214894961078712,-0.011392929395864034,-0.003376864038029066,63.359936523437455,30.239941406249955,41.043212890625,16.319970703125023,36.47999267578126,82.86083984375,-21.5999755859375,115.199951171875,85.18408203125,-62.880126953125,-138.2401367187499,-30.97601318359375,-1.9200012207031136,25.440014648437455,61.177490234375
1761629741.7279677,2,2,1,0.2380752150772231,-0.12832864081599876,0.31233932887819676,0.003011181852116061,-0.010958891920578737,-0.002960617165728807,72.96003417968745,49.440014648437455,52.6591796875,9.120019531250023,48.47999267578126,102.220703125,-28.7999267578125,132.0,69.696044921875,-72.47998046875,-174.2401367187499,-46.4639892578125,7.680004882812511,25.440014648437455,65.049560546875
1761629741.8861823,2,2,1,0.21275709899263423,-0.1358899113538694,0.27769605937355857,0.0027674797419743025,-0.010096346184342216,-0.0026603331049503518,84.96003417968745,59.039990234374955,52.6591796875,9.120019531250023,67.68000488281251,117.708740234375,-28.7999267578125,139.199951171875,77.440185546875,-89.280029296875,-203.0399414062499,-61.9520263671875,14.879986572265636,27.839978027343705,72.79345703125
1761629742.0897703,2,2,1,0.18309416879279955,-0.16369280579068,-0.5721420601240883,0.004631211736777649,-0.009343321535467122,-0.0024838953692760775,178.56000976562495,104.63996582031245,99.123291015625,16.319970703125023,113.28001098632814,222.2529296875,-52.7999267578125,336.0,197.47216796875,-185.280029296875,-455.0399414062499,-120.031982421875,-4.319995117187489,44.639965820312455,146.361572265625
1761629742.2276843,2,2,1,0.1574678617672388,-0.06031577726288968,-1.6011306779141545,0.008513971182236232,-0.00770632202433217,-0.0021394382569390764,197.75996093749995,114.23994140624995,114.611328125,4.319970703125023,134.88001708984376,245.48486328125,-55.199951171875,379.199951171875,232.320068359375,-223.679931640625,-527.0401855468749,-139.39202880859375,-4.319995117187489,54.240002441406205,154.10546875
1761629742.3367226,2,2,1,0.06632298880627716,-0.006876990915465071,-2.159715150626038,0.006258983903183623,-0.008437631230264675,-0.002196828921528999,180.96003417968745,107.03999023437495,106.8671875,-2.8799804687499773,118.07999877929689,226.124755859375,-50.4000244140625,348.0,228.447998046875,-204.47998046875,-491.0401855468749,-116.1600341796875,-1.9200012207031136,47.039990234374955,138.617431640625
1761629742.4611692,2,2,1,0.19291618397951424,0.08877548445724137,-1.159280307139221,0.004669812957480038,-0.011130651557786392,-0.003107019966559866,118.56000976562495,78.23994140624995,75.89111328125,1.9200073242187727,74.88001708984376,168.044921875,-38.4000244140625,235.199951171875,147.13623046875,-132.47998046875,-318.2401367187499,-73.5679931640625,0.47999267578126137,35.039990234374955,96.025634765625
1761629742.8987007,2,2,1,0.06722882827402916,-0.08708375348705834,-0.5871817429420567,0.004398450237071524,-0.007907715440760694,-0.001870609250364147,154.56000976562495,99.84003906249995,87.50732421875,6.719995117187523,115.68000488281251,206.764892578125,-52.7999267578125,283.199951171875,170.3681640625,-173.280029296875,-409.4400878906249,-108.416015625,7.680004882812511,47.039990234374955,127.00146484375
1761629742.9917886,2,2,1,0.06911370170954512,-0.00916599571052298,-0.5572280160987793,0.0030367921807948985,-0.00945372473638363,-0.0021076119014385394,144.96003417968745,95.03999023437495,87.50732421875,4.319970703125023,106.07999877929689,195.14892578125,-50.4000244140625,266.39990234375,158.752197265625,-156.47998046875,-378.2401367187499,-108.416015625,10.079998779296886,44.639965820312455,111.513427734375
1761629743.1932964,2,2,1,0.029058658789877248,-0.019417002951389574,-1.2728443123811564,0.003913808411672259,-0.010947367184822185,-0.002514986380736632,120.96003417968745,85.44001464843745,83.63525390625,-7.680029296874977,89.28001098632814,183.53271484375,-45.5999755859375,254.39990234375,162.6240234375,-146.880126953125,-363.8399902343749,-73.5679931640625,-1.9200012207031136,44.639965820312455,111.513427734375
1761629743.3017166,2,2,1,0.11597927310064121,0.04117026672752862,-0.2162347755698787,0.004728894095496186,-0.009891430301969768,-0.002295915098446983,171.36005859374995,107.03999023437495,106.8671875,-10.079992675781227,113.28001098632814,222.2529296875,-48.0,338.39990234375,220.7041015625,-194.880126953125,-483.8399902343749,-112.28802490234375,-1.9200012207031136,54.240002441406205,123.129638671875
1761629743.399144,2,2,1,-0.008442293642462906,0.08557579988395587,-1.828712677194665,0.003436386906418447,-0.011006635297797059,-0.0020210345706237268,128.15998535156245,80.63996582031245,83.63525390625,-2.8799804687499773,82.07999877929689,175.788818359375,-38.4000244140625,247.199951171875,154.880126953125,-137.280029296875,-349.4400878906249,-77.44000244140625,-1.9200012207031136,39.839978027343705,103.76953125
1761629743.6010664,2,2,1,0.05440759280507616,0.17514599947053378,-1.5789606264450646,0.0037423131842692853,-0.010690583615490381,-0.002016810542620035,147.36005859374995,95.03999023437495,102.9951171875,-7.680029296874977,103.68000488281251,206.764892578125,-50.4000244140625,295.199951171875,193.60009765625,-175.679931640625,-423.8399902343749,-96.79998779296875,-4.319995117187489,49.440014648437455,115.385498046875
1761629743.70572,2,2,1,0.07795386981133595,0.0801834765670377,-1.0583879422550584,0.0036200377620630234,-0.010715347262154645,-0.002448633617813732,104.15998535156245,66.23994140624995,72.019287109375,-2.8799804687499773,65.28001098632814,144.812744140625,-38.4000244140625,206.39990234375,127.776123046875,-122.880126953125,-289.4400878906249,-61.9520263671875,0.47999267578126137,39.839978027343705,88.281494140625
1761629743.907007,2,2,1,0.06483017654239509,0.14327831123397047,-1.4951133183499024,0.0031569416361649,-0.011694260881771576,-0.003081451323752876,173.75996093749995,107.03999023437495,110.7392578125,-10.079992675781227,113.28001098632814,226.124755859375,-45.5999755859375,357.60009765625,232.320068359375,-202.080078125,-500.6400390624999,-112.28802490234375,-6.719989013671864,54.240002441406205,130.87353515625
1761629744.1899707,2,2,1,0.19644215636591714,0.0792549995990675,-0.534514710302801,0.005955037118614701,-0.00985641004050732,-0.0025643945305533575,168.96003417968745,95.03999023437495,110.7392578125,-7.680029296874977,101.28001098632814,214.5087890625,-48.0,340.800048828125,216.83203125,-182.880126953125,-457.4400878906249,-96.79998779296875,-9.120013427734364,54.240002441406205,130.87353515625
1761629744.310653,2,2,1,0.13446930353369202,0.11493780821326906,-1.195263360339598,0.008219053589312634,-0.01002086113069866,-0.0027933651865610846,132.96003417968745,78.23994140624995,95.251220703125,-0.48001708984372726,77.28001098632814,179.660888671875,-36.0,266.39990234375,174.240234375,-149.280029296875,-366.2401367187499,-73.5679931640625,-6.719989013671864,42.240002441406205,111.513427734375
1761629744.4873047,2,2,1,0.10814058904654626,0.10461387126645713,-1.1163408047284593,0.006476764429560058,-0.010185214612826076,-0.0028499560605419207,125.75996093749995,78.23994140624995,87.50732421875,-5.280004882812477,74.88001708984376,175.788818359375,-40.7999267578125,264.0,166.49609375,-137.280029296875,-356.6400390624999,-69.69598388671875,-6.719989013671864,44.639965820312455,107.6416015625
1761629744.5952425,2,2,1,0.11497715246263937,0.027834613498660184,-0.7644789222690613,0.0062849692574241025,-0.009627274104157254,-0.0029528146512473675,142.56000976562495,87.84003906249995,95.251220703125,-2.8799804687499773,86.88001708984376,199.020751953125,-40.7999267578125,292.800048828125,189.72802734375,-161.280029296875,-404.6400390624999,-85.18402099609375,-6.719989013671864,44.639965820312455,115.385498046875
1761629744.6881723,2,2,1,0.1342746648724324,0.09567421040026597,-0.5798725537934669,0.006562543178622301,-0.009596651083572457,-0.002813536384440799,135.36005859374995,85.44001464843745,87.50732421875,-2.8799804687499773,89.28001098632814,179.660888671875,-43.199951171875,271.199951171875,174.240234375,-149.280029296875,-385.4400878906249,-81.31201171875,-1.9200012207031136,44.639965820312455,119.257568359375
1761629745.0028253,2,2,1,0.06778824237873382,0.08752746305115056,-1.5322235493657252,0.007396768398960887,-0.009969746126294112,-0.00221090003557757,113.75996093749995,63.840039062499955,79.76318359375,-2.8799804687499773,60.47999267578126,148.684814453125,-36.0,232.800048828125,147.13623046875,-118.080078125,-311.0399414062499,-54.2080078125,-6.719989013671864,42.240002441406205,99.8974609375
1761629745.0943298,2,2,1,0.17717368693895968,0.031978069707047856,-0.3645573764122978,0.00612743991842152,-0.010128050435332197,-0.0024205460496599905,149.75996093749995,97.44001464843745,106.8671875,-7.680029296874977,96.48002319335939,199.020751953125,-50.4000244140625,307.199951171875,197.47216796875,-175.679931640625,-435.8399902343749,-96.79998779296875,-1.9200012207031136,49.440014648437455,123.129638671875
1761629745.2029712,2,2,1,0.10822095987461455,0.08983642060022733,-1.106632516778678,0.004523060987358436,-0.01068545028237915,-0.002619292345119443,108.96003417968745,71.03999023437495,79.76318359375,-0.48001708984372726,60.47999267578126,156.4287109375,-36.0,225.60009765625,135.52001953125,-120.47998046875,-301.4400878906249,-61.9520263671875,0.47999267578126137,39.839978027343705,92.153564453125
1761629745.5014303,2,2,1,0.13132775193133583,0.0757578962224967,-0.8311121618072163,0.006825779399175494,-0.00931083900313601,-0.00282211997748982,147.36005859374995,85.44001464843745,95.251220703125,-10.079992675781227,82.07999877929689,206.764892578125,-43.199951171875,304.800048828125,193.60009765625,-156.47998046875,-411.8399902343749,-77.44000244140625,-11.520007324218739,49.440014648437455,119.257568359375
1761629745.591562,2,2,1,0.14523172385028243,0.15991091032833193,-1.0280661364005819,0.008321729156606306,-0.010300252423093063,-0.0020336220566356525,106.56000976562495,61.440014648437455,75.89111328125,1.9200073242187727,50.88001708984376,148.684814453125,-31.199951171875,223.199951171875,147.13623046875,-110.880126953125,-289.4400878906249,-42.59197998046875,-6.719989013671864,35.039990234374955,88.281494140625
1761629745.701706,2,2,1,0.1808121580081925,0.10473465728714354,-0.6291572123009281,0.007646003638106252,-0.009433346478985902,-0.002280142022996784,142.56000976562495,83.03999023437495,102.9951171875,-5.280004882812477,74.88001708984376,191.27685546875,-43.199951171875,295.199951171875,193.60009765625,-154.080078125,-397.4400878906249,-77.44000244140625,-9.120013427734364,44.639965820312455,119.257568359375
1761629745.7973566,2,2,1,0.19007663687087345,0.1809193716333218,-0.6263172191725102,0.008263321467543926,-0.010073410140959138,-0.0027524145465836303,132.96003417968745,75.84003906249995,83.63525390625,-0.48001708984372726,70.07999877929689,183.53271484375,-38.4000244140625,271.199951171875,178.112060546875,-139.679931640625,-371.0399414062499,-73.5679931640625,-11.520007324218739,44.639965820312455,119.257568359375
1761629745.9986997,2,2,1,0.17720936908917714,0.11634436099287757,-0.5743501649310371,0.00858891926958821,-0.009658241646086016,-0.0026484062771381586,147.36005859374995,87.84003906249995,91.379150390625,-2.8799804687499773,82.07999877929689,187.40478515625,-45.5999755859375,304.800048828125,193.60009765625,-156.47998046875,-414.2401367187499,-89.0560302734375,-11.520007324218739,44.639965820312455,119.257568359375
1761629746.1031792,2,2,1,0.14217687755042402,0.1714670056020601,-1.335856355359762,0.006967786455298181,-0.00976769106739685,-0.0023849164743478565,106.56000976562495,59.039990234374955,72.019287109375,6.719995117187523,46.079998779296886,137.06884765625,-26.4000244140625,208.800048828125,131.648193359375,-106.080078125,-267.8399902343749,-42.59197998046875,-11.520007324218739,35.039990234374955,96.025634765625
1761629746.2950203,2,2,1,0.10671315165135942,0.19268035108251347,-1.492977513354822,0.005414994667117524,-0.008955934842496936,-0.0019020433968423233,144.96003417968745,87.84003906249995,91.379150390625,4.319970703125023,84.48002319335939,191.27685546875,-43.199951171875,290.39990234375,181.984130859375,-158.880126953125,-395.0399414062499,-81.31201171875,-1.9200012207031136,42.240002441406205,119.257568359375
1761629746.5901322,2,2,1,0.18646313970035996,0.1252749291886411,-0.45546922657573663,0.004846662052753,-0.009327285775521412,-0.0021539636570778514,108.96003417968745,68.63996582031245,83.63525390625,-5.280004882812477,62.88001708984376,152.556884765625,-33.5999755859375,228.0,151.008056640625,-122.880126953125,-315.8399902343749,-58.08001708984375,-4.319995117187489,39.839978027343705,99.8974609375
1761629746.7935221,2,2,1,0.15228791968758004,0.1351627955970059,-0.20875184065566682,0.006993614759161676,-0.009893485921946778,-0.003073629772319263,113.75996093749995,73.44001464843745,79.76318359375,-0.48001708984372726,62.88001708984376,164.1728515625,-36.0,242.39990234375,147.13623046875,-130.080078125,-325.4400878906249,-58.08001708984375,-6.719989013671864,44.639965820312455,103.76953125
1761629746.9958112,2,2,1,0.13234160748183454,0.14282090395015035,-1.2530914772202633,0.0069254876668826,-0.008644527781914,-0.001961802288427574,168.96003417968745,99.84003906249995,102.9951171875,6.719995117187523,96.48002319335939,214.5087890625,-45.5999755859375,336.0,209.088134765625,-182.880126953125,-445.4400878906249,-104.54400634765625,-9.120013427734364,49.440014648437455,134.74560546875
1761629747.1165657,2,2,1,0.11153217830622486,0.15205309184730673,-1.535256295134543,0.0075631092483982535,-0.008104326294822075,-0.002685847976211233,197.75996093749995,107.03999023437495,114.611328125,9.120019531250023,110.88001708984376,229.996826171875,-48.0,374.39990234375,228.447998046875,-211.679931640625,-503.0401855468749,-123.90399169921875,-13.920001220703114,54.240002441406205,154.10546875
1761629747.2913158,2,2,1,0.053976854790012546,0.16646459946373043,-2.21815987454901,0.00865241596776788,-0.00814497799234061,-0.002378716090879628,212.15998535156245,107.03999023437495,118.483154296875,9.120019531250023,120.48002319335939,249.35693359375,-48.0,412.800048828125,267.168212890625,-228.47998046875,-546.2401367187499,-139.39202880859375,-18.719989013671864,59.039990234374955,157.9775390625
1761629747.401531,2,2,1,0.06290532106868339,0.18356569029359143,-2.2174040433506947,0.008798948941567734,-0.008784610131547351,-0.0023794996853969126,207.36005859374995,104.63996582031245,122.355224609375,6.719995117187523,120.48002319335939,241.61279296875,-48.0,408.0,255.552001953125,-221.280029296875,-536.6400390624999,-127.7760009765625,-18.719989013671864,56.639965820312455,154.10546875
1761629747.4949756,2,2,1,0.055917457126721457,0.16626337944927166,-2.0001036488084187,0.008372500609055634,-0.008322566879118042,-0.002771173753407707,185.75996093749995,102.23994140624995,114.611328125,4.319970703125023,108.48002319335939,229.996826171875,-45.5999755859375,369.60009765625,236.192138671875,-192.47998046875,-483.8399902343749,-104.54400634765625,-16.31999511718749,51.839978027343705,150.233642578125
1761629747.5890276,2,2,1,0.09072621293471073,0.1597179010272677,-1.4277420464302693,0.008676498318808344,-0.009581322082955004,-0.0026434640779965817,137.75996093749995,80.63996582031245,95.251220703125,-0.48001708984372726,77.28001098632814,183.53271484375,-43.199951171875,288.0,178.112060546875,-149.280029296875,-383.0399414062499,-85.18402099609375,-9.120013427734364,49.440014648437455,111.513427734375
1761629747.648116,2,2,1,0.106539470903192,0.12753659954587088,-1.462630165854103,0.00856312311074,-0.009057899226215249,-0.0028881107578335873,128.15998535156245,80.63996582031245,91.379150390625,-2.8799804687499773,67.68000488281251,175.788818359375,-38.4000244140625,273.60009765625,170.3681640625,-134.880126953125,-366.2401367187499,-61.9520263671875,-9.120013427734364,39.839978027343705,119.257568359375
1761629747.74122,2,2,1,0.15172188371515155,0.09705239354470493,-0.4959373334761204,0.006606426018988464,-0.010111672207656413,-0.0027836921026955157,116.15998535156245,73.44001464843745,87.50732421875,-7.680029296874977,62.88001708984376,160.30078125,-36.0,247.199951171875,154.880126953125,-120.47998046875,-330.2401367187499,-50.33599853515625,-11.520007324218739,44.639965820312455,103.76953125
1761629747.8989413,2,2,1,0.16147025738758683,0.13954296291119916,-0.2934577935898016,0.006829108348374553,-0.009887438488266826,-0.0034177711405056896,120.96003417968745,71.03999023437495,87.50732421875,1.9200073242187727,62.88001708984376,164.1728515625,-36.0,252.0,162.6240234375,-120.47998046875,-335.0399414062499,-58.08001708984375,-4.319995117187489,42.240002441406205,99.8974609375
1761629747.9951274,2,2,1,0.1311550759240246,0.10443726769177142,-0.5096881378136748,0.0073132413481340214,-0.00917134435670255,-0.0031767557015820033,0,0,0,0,0,0,0,0,0,0,0,0,0,0,0
1761629748.0542219,2,2,1,0.14133143091182654,0.10809922799889318,-0.4272301790972418,0.007031091916888749,-0.009066977406433148,-0.0032270702802812395,142.56000976562495,83.03999023437495,95.251220703125,-5.280004882812477,79.68000488281251,191.27685546875,-38.4000244140625,297.60009765625,185.856201171875,-154.080078125,-390.2401367187499,-77.44000244140625,-9.120013427734364,44.639965820312455,119.257568359375
1761629748.16188,2,2,1,0.15414746289639847,0.12104724197033082,-0.8786386049216997,0.007856320044336533,-0.009505143424689281,-0.0028387417106514184,171.36005859374995,97.44001464843745,110.7392578125,1.9200073242187727,94.07999877929689,214.5087890625,-45.5999755859375,352.800048828125,216.83203125,-180.47998046875,-462.2401367187499,-96.79998779296875,-18.719989013671864,51.839978027343705,134.74560546875
1761629748.2559986,2,2,1,0.12388680528623684,0.15277100777303534,-1.1437321751774299,0.008855485371661581,-0.008233076125064579,-0.003009594341914859,180.96003417968745,99.84003906249995,118.483154296875,1.9200073242187727,96.48002319335939,218.380859375,-45.5999755859375,372.0,236.192138671875,-199.679931640625,-491.0401855468749,-108.416015625,-23.52000732421874,51.839978027343705,150.233642578125
1761629748.3490973,2,2,1,0.0712383732794143,0.1292513331609693,-1.7127124557457782,0.008663835745760887,-0.009060933153251263,-0.002976963287569431,190.56000976562495,102.23994140624995,114.611328125,1.9200073242187727,103.68000488281251,229.996826171875,-45.5999755859375,391.199951171875,251.68017578125,-206.880126953125,-510.2401367187499,-108.416015625,-21.120013427734364,56.639965820312455,150.233642578125
1761629748.4582691,2,2,1,0.05284589721111159,0.16708049243430048,-1.9976970241053351,0.009056256446966462,-0.00828812611993748,-0.002532825266158153,166.56000976562495,92.63996582031245,106.8671875,4.319970703125023,86.88001708984376,210.63671875,-43.199951171875,348.0,212.960205078125,-170.880126953125,-450.2401367187499,-92.92803955078125,-18.719989013671864,51.839978027343705,138.617431640625
1761629748.5523777,2,2,1,0.076557974234635,0.14434753059110605,-1.8281747052537778,0.009427960093680438,-0.008926260862845436,-0.002781647013717481,125.75996093749995,78.23994140624995,83.63525390625,-2.8799804687499773,62.88001708984376,171.916748046875,-38.4000244140625,264.0,162.6240234375,-132.47998046875,-344.6400390624999,-65.82403564453125,-11.520007324218739,39.839978027343705,107.6416015625
1761629748.6443071,2,2,1,0.13623025174605768,0.1382219462471755,-0.7600520719322708,0.008194379894475736,-0.008682713130632402,-0.0026397673757760295,120.96003417968745,68.63996582031245,87.50732421875,-5.280004882812477,60.47999267578126,164.1728515625,-36.0,261.60009765625,166.49609375,-127.679931640625,-339.8399902343749,-54.2080078125,-13.920001220703114,42.240002441406205,107.6416015625
1761629748.7373052,2,2,1,0.12466434584825042,0.13012265218472838,-0.3751450200630047,0.007231881351201741,-0.009482831746852691,-0.003053159476175338,161.75996093749995,92.63996582031245,102.9951171875,-0.48001708984372726,91.68000488281251,206.764892578125,-43.199951171875,336.0,212.960205078125,-175.679931640625,-452.6400390624999,-89.0560302734375,-11.520007324218739,51.839978027343705,138.617431640625
1761629748.8462472,2,2,1,0.08167632906100052,0.16209665120700323,-1.0902094522030166,0.008947461861761728,-0.00898607964745356,-0.0030690127129267383,190.56000976562495,102.23994140624995,118.483154296875,-0.48001708984372726,110.88001708984376,229.996826171875,-43.199951171875,391.199951171875,251.68017578125,-211.679931640625,-519.8399902343749,-116.1600341796875,-16.31999511718749,59.039990234374955,154.10546875
1761629748.9901562,2,2,1,0.031056024949382505,0.19968144464968107,-1.9535568688511318,0.006826108281133502,-0.009543271059749454,-0.002529831347820339,171.36005859374995,97.44001464843745,106.8671875,-7.680029296874977,91.68000488281251,218.380859375,-40.7999267578125,355.199951171875,228.447998046875,-185.280029296875,-476.6400390624999,-89.0560302734375,-13.920001220703114,49.440014648437455,146.361572265625
1761629749.0326316,2,2,1,0.04648730793496411,0.18950597722001872,-1.9703063427351437,0.0070790093446829,-0.009486820397577134,-0.002377521084060609,144.96003417968745,85.44001464843745,99.123291015625,-7.680029296874977,72.47999267578126,187.40478515625,-38.4000244140625,302.39990234375,193.60009765625,-149.280029296875,-402.2401367187499,-69.69598388671875,-13.920001220703114,42.240002441406205,119.257568359375
1761629749.2985444,2,2,1,0.1503266828310861,0.12714537556316025,-0.28299831970034467,0.00540358895378442,-0.009449304109895187,-0.0025590097368367887,116.15998535156245,71.03999023437495,83.63525390625,1.9200073242187727,58.079998779296886,156.4287109375,-33.5999755859375,242.39990234375,162.6240234375,-125.280029296875,-327.8399902343749,-61.9520263671875,-9.120013427734364,39.839978027343705,107.6416015625
1761629749.4366806,2,2,1,0.18472332775115055,0.1950441231390907,-0.36700260371430854,0.0059367052124933185,-0.009387035273293388,-0.0025146472743986068,156.96003417968745,85.44001464843745,99.123291015625,-0.48001708984372726,86.88001708984376,202.892822265625,-43.199951171875,316.800048828125,197.47216796875,-166.080078125,-414.2401367187499,-85.18402099609375,-9.120013427734364,44.639965820312455,130.87353515625
1761629749.5456142,2,2,1,0.1383747015828483,0.18992284376916355,-0.9868406652546536,0.006202898621749299,-0.008587299068166179,-0.0024212899537483772,195.36005859374995,104.63996582031245,122.355224609375,-0.48001708984372726,110.88001708984376,241.61279296875,-48.0,393.60009765625,247.80810546875,-211.679931640625,-522.2401367187499,-112.28802490234375,-16.31999511718749,54.240002441406205,154.10546875
1761629749.6895387,2,2,1,0.02525479399803962,0.19204769381121453,-2.218588507625862,0.0078669141523652,-0.009603091332778447,-0.0022283538206175836,156.96003417968745,85.44001464843745,114.611328125,-5.280004882812477,84.48002319335939,199.020751953125,-43.199951171875,324.0,209.088134765625,-168.47998046875,-426.2401367187499,-85.18402099609375,-13.920001220703114,51.839978027343705,130.87353515625
1761629749.762991,2,2,1,0.0003231324934307167,0.21536326899473646,-2.2178513034218956,0.007877782026930534,-0.009109825863862837,-0.0023862123032566468,113.75996093749995,71.03999023437495,91.379150390625,-0.48001708984372726,62.88001708984376,156.4287109375,-33.5999755859375,240.0,158.752197265625,-120.47998046875,-323.0399414062499,-61.9520263671875,-9.120013427734364,44.639965820312455,99.8974609375
1761629749.871921,2,2,1,0.129461644344104,0.12953326600442278,-0.7675310498517501,0.005949481973070363,-0.009505215505033183,-0.002495268088270055,106.56000976562495,61.440014648437455,79.76318359375,-0.48001708984372726,60.47999267578126,148.684814453125,-33.5999755859375,223.199951171875,143.26416015625,-115.679931640625,-301.4400878906249,-58.08001708984375,-9.120013427734364,44.639965820312455,92.153564453125
1761629749.9993184,2,2,1,0.18406185086879678,0.1563900472325825,-0.2153363768385912,0.005830821241209497,-0.009634505709982734,-0.0027703158081514596,106.56000976562495,61.440014648437455,79.76318359375,-0.48001708984372726,60.47999267578126,148.684814453125,-33.5999755859375,223.199951171875,143.26416015625,-115.679931640625,-301.4400878906249,-58.08001708984375,-9.120013427734364,44.639965820312455,92.153564453125
1761629750.3891716,2,2,1,0.09391961665105379,0.18756586033167016,-1.8518379619134735,0.007942381129508146,-0.009212452984720086,-0.002331455411297827,128.15998535156245,75.84003906249995,91.379150390625,-7.680029296874977,72.47999267578126,171.916748046875,-38.4000244140625,278.39990234375,174.240234375,-142.080078125,-368.6400390624999,-73.5679931640625,-6.719989013671864,44.639965820312455,107.6416015625
1761629750.6002274,2,2,1,0.1559257418526036,0.13863480007357412,-0.4503280244208797,0.005941367914420933,-0.008479890901429556,-0.0026172574006289463,156.96003417968745,90.23994140624995,106.8671875,-2.8799804687499773,82.07999877929689,199.020751953125,-38.4000244140625,321.60009765625,205.216064453125,-161.280029296875,-426.2401367187499,-85.18402099609375,-11.520007324218739,49.440014648437455,127.00146484375
1761629750.697879,2,2,1,0.15053430975677068,0.13639721618496994,-0.8481074834797306,0.0069920035134253475,-0.009865961378565435,-0.0025984755277039455,185.75996093749995,97.44001464843745,118.483154296875,-2.8799804687499773,96.48002319335939,229.996826171875,-43.199951171875,386.39990234375,243.93603515625,-202.080078125,-503.0401855468749,-100.6719970703125,-18.719989013671864,56.639965820312455,146.361572265625
1761629750.79201,2,2,1,0.03681822812094028,0.20395177161396016,-2.1716228681971583,0.00730980388722576,-0.009150983995413224,-0.0019804733811683447,212.15998535156245,107.03999023437495,133.97119140625,1.9200073242187727,110.88001708984376,253.228759765625,-45.5999755859375,444.0,290.400146484375,-233.280029296875,-575.0401855468749,-131.64801025390625,-25.920001220703114,61.440014648437455,165.721435546875
1761629750.90368,2,2,1,-0.0046912795938317264,0.1948026681504587,-2.703933218222299,0.008401534199788691,-0.008456708912911734,-0.0022428497707525515,159.36005859374995,87.84003906249995,102.9951171875,-5.280004882812477,79.68000488281251,199.020751953125,-36.0,333.60009765625,212.960205078125,-161.280029296875,-443.0399414062499,-81.31201171875,-21.120013427734364,49.440014648437455,130.87353515625
1761629751.2976935,2,2,1,0.06273798694535501,0.18400290722188886,-1.651606986332844,0.007280278016477038,-0.008363417003650331,-0.002731247014215824,207.36005859374995,107.03999023437495,133.97119140625,-0.48001708984372726,101.28001098632814,245.48486328125,-40.7999267578125,429.60009765625,278.7841796875,-221.280029296875,-555.8399902343749,-123.90399169921875,-30.72001953124999,56.639965820312455,169.593505859375
1761629751.41461,2,2,1,-0.007906196324148879,0.2411481478731794,-2.6382770316976387,0.007798328073513603,-0.009190262937516937,-0.002226252412953017,0,0,0,0,0,0,0,0,0,0,0,0,0,0,0
1761629751.5874996,2,2,1,0.1458803371610603,0.14055611257647352,-0.37907990979467676,0.006496627821687431,-0.009969146457313859,-0.0025116418058600772,125.75996093749995,71.03999023437495,95.251220703125,-7.680029296874977,58.079998779296886,175.788818359375,-38.4000244140625,273.60009765625,174.240234375,-134.880126953125,-361.4400878906249,-61.9520263671875,-13.920001220703114,47.039990234374955,111.513427734375
1761629751.6309743,2,2,1,0.1712858733937903,0.15828107982240858,-0.3447703635450534,0.006836235165869946,-0.01084097965658694,-0.00226524410667739,142.56000976562495,78.23994140624995,99.123291015625,-5.280004882812477,74.88001708984376,183.53271484375,-38.4000244140625,292.800048828125,185.856201171875,-149.280029296875,-387.8399902343749,-69.69598388671875,-13.920001220703114,47.039990234374955,119.257568359375
1761629751.7888663,2,2,1,-0.017448286084679243,0.23751669442866646,-1.831982279180958,0.002984703842475095,-0.009846517817074154,-0.00195904446749585,219.36005859374995,107.03999023437495,130.09912109375,-7.680029296874977,108.48002319335939,249.35693359375,-45.5999755859375,456.0,294.272216796875,-242.880126953125,-579.8399902343749,-131.64801025390625,-33.120013427734364,61.440014648437455,173.465576171875
1761629751.895293,2,2,1,-0.07190621822126211,0.2205383818646748,-2.8058978984774967,0.0067594845482136165,-0.0110172419956525,-0.001819820150293484,156.96003417968745,87.84003906249995,99.123291015625,-5.280004882812477,74.88001708984376,195.14892578125,-38.4000244140625,326.39990234375,216.83203125,-168.47998046875,-428.6400390624999,-77.44000244140625,-21.120013427734364,47.039990234374955,130.87353515625
1761629751.9407613,2,2,1,-0.06806291997070063,0.2340699327299904,-2.752021775942012,0.007888872431606443,-0.010466937356131165,-0.0017967265138390434,120.96003417968745,68.63996582031245,87.50732421875,-0.48001708984372726,62.88001708984376,160.30078125,-33.5999755859375,249.60009765625,166.49609375,-125.280029296875,-332.6400390624999,-50.33599853515625,-11.520007324218739,42.240002441406205,103.76953125
1761629752.2866929,2,2,1,0.16685084500516345,0.18577933550234849,-0.28652508185685766,0.004393457447016423,-0.011029643019024423,-0.0022575500708890027,125.75996093749995,68.63996582031245,91.379150390625,-2.8799804687499773,60.47999267578126,175.788818359375,-33.5999755859375,266.39990234375,174.240234375,-134.880126953125,-347.0399414062499,-61.9520263671875,-13.920001220703114,44.639965820312455,111.513427734375
1761629752.3943708,2,2,1,0.08529980718897195,0.18037563239899862,-1.1992594000863566,0.006570396937964705,-0.01048334805073417,-0.002651221030376947,176.15998535156245,87.84003906249995,110.7392578125,-2.8799804687499773,89.28001098632814,218.380859375,-38.4000244140625,369.60009765625,240.064208984375,-190.080078125,-483.8399902343749,-92.92803955078125,-23.52000732421874,51.839978027343705,138.617431640625
1761629752.5982323,2,2,1,0.09322498973163819,0.1452411202217691,-0.7200764487332649,0.004752544032194075,-0.0097758863782261,-0.0022502440762282193,173.75996093749995,92.63996582031245,118.483154296875,-5.280004882812477,86.88001708984376,214.5087890625,-43.199951171875,364.800048828125,243.93603515625,-192.47998046875,-483.8399902343749,-92.92803955078125,-25.920001220703114,54.240002441406205,138.617431640625
1761629752.6583195,2,2,1,0.12419618487172791,0.19738829969439176,-0.6991912869516679,0.0060317604315102405,-0.010497077451869488,-0.0023202879424230782,113.75996093749995,63.840039062499955,87.50732421875,-7.680029296874977,53.280010986328136,160.30078125,-33.5999755859375,249.60009765625,162.6240234375,-125.280029296875,-318.2401367187499,-54.2080078125,-16.31999511718749,39.839978027343705,103.76953125
1761629752.7530105,2,2,1,0.033408859368910276,0.1748907450817358,-1.2798288386622088,0.006665741839997713,-0.011071015103948322,-0.0027571332359681237,183.36005859374995,95.03999023437495,110.7392578125,-10.079992675781227,86.88001708984376,214.5087890625,-38.4000244140625,374.39990234375,243.93603515625,-199.679931640625,-498.2401367187499,-100.6719970703125,-23.52000732421874,59.039990234374955,142.489501953125
1761629752.8605297,2,2,1,0.11034596406004825,0.22532418177156852,-0.6163287594162932,0.005603099205714685,-0.010190897911103228,-0.002529421631637323,0,0,0,0,0,0,0,0,0,0,0,0,0,0,0
1761629752.954653,2,2,1,0.06218613814459209,0.16054506717288936,-1.3179774179052752,0.005890466154018986,-0.011530397186331018,-0.0020695040262264353,171.36005859374995,87.84003906249995,110.7392578125,-7.680029296874977,94.07999877929689,218.380859375,-40.7999267578125,367.199951171875,236.192138671875,-192.47998046875,-483.8399902343749,-92.92803955078125,-18.719989013671864,47.039990234374955,138.617431640625
1761629753.0637872,2,2,1,0.12268616094729479,0.22175351850751113,-0.8046363692947595,0.004686025062612117,-0.01080159434408334,-0.002522403197076338,123.35993652343745,68.63996582031245,87.50732421875,-0.48001708984372726,58.079998779296886,164.1728515625,-36.0,261.60009765625,174.240234375,-132.47998046875,-344.6400390624999,-61.9520263671875,-9.120013427734364,44.639965820312455,107.6416015625
1761629753.1574047,2,2,1,0.10422972269441831,0.19851430942315335,-0.5777083867302408,0.006741315194813551,-0.010483953478294544,-0.00250832570807078,144.96003417968745,80.63996582031245,99.123291015625,-0.48001708984372726,74.88001708984376,199.020751953125,-40.7999267578125,302.39990234375,197.47216796875,-156.47998046875,-404.6400390624999,-69.69598388671875,-13.920001220703114,47.039990234374955,119.257568359375
1761629753.2655778,2,2,1,0.0923514967357735,0.25670219760042795,-1.2764915992114183,0.004014932662635404,-0.011841330736166321,-0.0017588386528071525,137.75996093749995,83.03999023437495,91.379150390625,-7.680029296874977,72.47999267578126,183.53271484375,-36.0,292.800048828125,181.984130859375,-146.880126953125,-397.4400878906249,-77.44000244140625,-9.120013427734364,44.639965820312455,127.00146484375
1761629753.3933108,2,2,1,0.043451721953495226,0.26646489247347405,-1.6805715069281137,0.0032858638609576125,-0.01147652978748772,-0.0020632454118891556,113.75996093749995,56.639965820312455,79.76318359375,-2.8799804687499773,50.88001708984376,148.684814453125,-28.7999267578125,235.199951171875,151.008056640625,-115.679931640625,-301.4400878906249,-46.4639892578125,-13.920001220703114,37.440014648437455,99.8974609375
1761629753.4678137,2,2,1,0.044497509179556305,0.27726423638256803,-1.6302683184412388,0.003226037162656897,-0.011765181499002127,-0.0019683743801927104,0,0,0,0,0,0,0,0,0,0,0,0,0,0,0
1761629753.561785,2,2,1,0.1460400022693692,0.18271502571169862,-0.3682086104365103,0.004996401244236346,-0.009909312001099083,-0.0025180094320365652,120.96003417968745,61.440014648437455,87.50732421875,-5.280004882812477,55.68000488281251,156.4287109375,-31.199951171875,259.199951171875,162.6240234375,-122.880126953125,-330.2401367187499,-58.08001708984375,-13.920001220703114,39.839978027343705,103.76953125
1761629753.6712012,2,2,1,0.11093726074375558,0.14916535753119714,-0.7137589952159761,0.006438869094131019,-0.009324340752525825,-0.0032573309026224006,144.96003417968745,80.63996582031245,99.123291015625,1.9200073242187727,74.88001708984376,179.660888671875,-43.199951171875,290.39990234375,181.984130859375,-149.280029296875,-380.6400390624999,-77.44000244140625,-11.520007324218739,49.440014648437455,127.00146484375
1761629753.7656512,2,2,1,0.05340942184740402,0.2463649045023308,-1.3814335988675155,0.002875222802393501,-0.010411960219214448,-0.001721686291841856,159.36005859374995,85.44001464843745,95.251220703125,-0.48001708984372726,82.07999877929689,195.14892578125,-43.199951171875,328.800048828125,212.960205078125,-175.679931640625,-435.8399902343749,-85.18402099609375,-16.31999511718749,47.039990234374955,138.617431640625
1761629753.89222,2,2,1,0.06751117144477724,0.24635173382414652,-1.2498696044966215,0.001932388061056601,-0.012036721142369517,-0.0013665168045465812,111.35993652343745,61.440014648437455,75.89111328125,6.719995117187523,48.47999267578126,144.812744140625,-31.199951171875,220.800048828125,151.008056640625,-110.880126953125,-287.0399414062499,-54.2080078125,-11.520007324218739,30.240002441406205,99.8974609375
1761629754.0008903,2,2,1,0.16582659090652022,0.1793563759378202,-0.44015392656718544,0.0042842670480304585,-0.009356757358088795,-0.0020774167399822724,144.96003417968745,83.03999023437495,95.251220703125,1.9200073242187727,77.28001098632814,183.53271484375,-40.7999267578125,285.60009765625,181.984130859375,-156.47998046875,-383.0399414062499,-77.44000244140625,-9.120013427734364,42.240002441406205,115.385498046875
1761629754.0745835,2,2,1,0.1658521774569706,0.1884705265071802,-0.4065595953368699,0.0043689610323412575,-0.009167696023436443,-0.0019876229013552774,137.75996093749995,75.84003906249995,95.251220703125,4.319970703125023,72.47999267578126,183.53271484375,-38.4000244140625,283.199951171875,178.112060546875,-144.47998046875,-371.0399414062499,-77.44000244140625,-9.120013427734364,42.240002441406205,123.129638671875
1761629754.2013917,2,2,1,0.06100575842346605,0.23538023000666994,-1.2910208664465643,0.0048202307396151296,-0.009683000838640255,-0.001757984288032336,106.56000976562495,59.039990234374955,79.76318359375,1.9200073242187727,46.079998779296886,140.94091796875,-28.7999267578125,223.199951171875,143.26416015625,-110.880126953125,-282.2401367187499,-42.59197998046875,-13.920001220703114,32.639965820312455,88.281494140625
1761629754.4012516,2,2,1,0.008018958698082418,0.2148740287052271,-1.8068566630738858,0.004822224481092832,-0.011328319605562708,-0.002644157897036785,123.35993652343745,73.44001464843745,83.63525390625,1.9200073242187727,67.68000488281251,171.916748046875,-33.5999755859375,256.800048828125,166.49609375,-142.080078125,-332.6400390624999,-69.69598388671875,-6.719989013671864,42.240002441406205,111.513427734375
1761629754.6910582,2,2,1,0.10984364066355527,0.2081119375745302,-0.32006610672323,0.00386920689485777,-0.01017544701879694,-0.0026641985360388145,65.75996093749995,30.239941406249955,44.915283203125,6.719995117187523,22.079998779296886,94.476806640625,-14.4000244140625,127.199951171875,89.05615234375,-58.080078125,-147.8399902343749,-27.10400390625,-11.520007324218739,23.039990234374955,61.177490234375
1761629754.9099133,2,2,1,0.2025851832674923,0.029769866190756084,0.3913975115545028,0.006481726290709832,-0.008841637119428031,-0.0029304415368952216,60.960034179687455,25.440014648437455,44.915283203125,11.519982910156273,22.079998779296886,78.98876953125,-12.0,117.60009765625,85.18408203125,-58.080078125,-135.8399902343749,-23.23199462890625,-6.719989013671864,20.639965820312455,57.3056640625
1761629755.0018456,2,2,1,0.18277750694315228,0.020648845383797788,0.20793090713733886,0.00686501894699053,-0.008598517927420782,-0.002367879521822495,56.159985351562455,23.039990234374955,41.043212890625,6.719995117187523,24.47999267578126,78.98876953125,-12.0,117.60009765625,77.440185546875,-55.679931640625,-138.2401367187499,-23.23199462890625,-6.719989013671864,27.839978027343705,61.177490234375
1761629755.2202935,2,2,1,0.09499771454831234,0.04226346363965856,-0.2746418459828672,0.007211126914120663,-0.008080506495143951,-0.002618239263899969,70.56000976562495,37.440014648437455,52.6591796875,6.719995117187523,36.47999267578126,98.348876953125,-26.4000244140625,146.39990234375,100.672119140625,-77.280029296875,-186.2401367187499,-30.97601318359375,-9.120013427734364,27.839978027343705,68.921630859375
1761629755.4856498,2,2,1,0.18717978345618705,0.03562099969173381,0.3163486749568716,0.0043481103050118765,-0.009421420711860145,-0.0021071272801611194,63.359936523437455,49.440014648437455,52.6591796875,-10.079992675781227,43.68000488281251,106.0927734375,-21.5999755859375,134.39990234375,92.92822265625,-67.679931640625,-205.4400878906249,-30.97601318359375,2.8799865722656364,32.639965820312455,57.3056640625
1761629755.5306554,2,2,1,0.18645418128240485,0.06603295810633625,0.2001747657084959,0.0047289551264097195,-0.009521690675292925,-0.0021496537645023044,65.75996093749995,49.440014648437455,52.6591796875,-0.48001708984372726,48.47999267578126,113.8369140625,-31.199951171875,132.0,89.05615234375,-72.47998046875,-198.2401367187499,-38.72003173828125,5.280010986328136,30.240002441406205,57.3056640625
1761629755.6905375,2,2,1,0.013429367631826783,-0.021493760754497673,-0.7645888179155778,0.005550863906390251,-0.008769011730275517,-0.0019346091579778473,164.15998535156245,147.84003906249995,60.4033203125,6.719995117187523,163.6800048828125,241.61279296875,-60.0,300.0,139.39208984375,-158.880126953125,-471.8399902343749,-147.135986328125,48.47999267578126,44.639965820312455,111.513427734375
1761629755.7494972,2,2,1,0.10082595909929862,-0.00124731556424491,-0.8017599933731631,0.005386676720564232,-0.009719081796540845,-0.0020292546139295577,159.36005859374995,138.23994140624995,64.275146484375,1.9200073242187727,149.28001098632814,229.996826171875,-55.199951171875,290.39990234375,135.52001953125,-151.679931640625,-455.0399414062499,-123.90399169921875,41.280010986328136,47.039990234374955,111.513427734375
1761629756.0123215,2,2,1,0.0975005907295568,0.0456894164872071,-0.3816388746127595,0.005061258048086105,-0.010685445774232477,-0.0021194728724408278,130.56000976562495,126.23994140624995,68.147216796875,-10.079992675781227,120.48002319335939,206.764892578125,-48.0,254.39990234375,139.39208984375,-132.47998046875,-409.4400878906249,-81.31201171875,34.079998779296886,44.639965820312455,92.153564453125
1761629756.1567936,2,2,1,-0.01665564208847589,0.041695235443973605,-1.5726578206355957,0.008685436398383001,-0.010899620868365616,-0.002293611135817598,132.96003417968745,133.44001464843745,68.147216796875,-12.480017089843727,130.0799987792969,222.2529296875,-50.4000244140625,271.199951171875,147.13623046875,-137.280029296875,-445.4400878906249,-92.92803955078125,34.079998779296886,51.839978027343705,99.8974609375
1761629756.2966979,2,2,1,0.06123426878862259,0.09528847579005986,-1.2705113476768795,0.00921537365011499,-0.011530624684329537,-0.0028140992172202696,65.75996093749995,51.840039062499955,60.4033203125,-14.879980468749977,38.88001708984376,121.580810546875,-28.7999267578125,153.60009765625,104.544189453125,-67.679931640625,-222.2401367187499,-15.488037109375,0.47999267578126137,35.039990234374955,57.3056640625
1761629756.354691,2,2,1,0.06377085855864964,0.08580045857447394,-1.1714346190374991,0.008666018954085827,-0.011828296106466255,-0.0028585368819449876,68.15998535156245,66.23994140624995,64.275146484375,-24.480017089843727,43.68000488281251,137.06884765625,-28.7999267578125,170.39990234375,120.0322265625,-77.280029296875,-275.0399414062499,-23.23199462890625,-1.9200012207031136,42.240002441406205,65.049560546875
1761629756.542049,2,2,1,0.08797140813089088,0.058119283250326906,-0.38044207173310235,0.009173086992362908,-0.011459196568749833,-0.0031186587551293877,82.56000976562495,66.23994140624995,64.275146484375,-17.280004882812477,48.47999267578126,137.06884765625,-33.5999755859375,184.800048828125,116.16015625,-86.880126953125,-265.4400878906249,-27.10400390625,0.47999267578126137,37.440014648437455,72.79345703125
1761629756.8528433,2,2,1,-0.009366097229116174,-0.097460794674547,-1.7504104257969089,0.010990820350519834,-0.008567906077910158,-0.0028034148043286347,0,0,0,0,0,0,0,0,0,0,0,0,0,0,0
1761629757.0552118,2,2,1,0.020388119193830788,0.0013864700267285576,-0.9747330991366077,0.007861050254948657,-0.008914703669395611,-0.0018452953134315752,0,0,0,0,0,0,0,0,0,0,0,0,0,0,0
1761629757.1989474,2,2,1,-0.027388911013475986,0.05998922341875975,-1.7214310273694422,0.005451674195492795,-0.009962954068782903,-0.0011113108148666454,106.56000976562495,75.84003906249995,83.63525390625,-10.079992675781227,58.079998779296886,152.556884765625,-36.0,225.60009765625,143.26416015625,-118.080078125,-318.2401367187499,-54.2080078125,-4.319995117187489,42.240002441406205,92.153564453125
1761629757.2921815,2,2,1,0.08460536771756438,0.08127231825779135,-0.37202422192749524,0.008023331882524772,-0.008848034396465495,-0.0020275586104896264,188.15998535156245,114.23994140624995,126.227294921875,-12.480017089843727,125.28001098632814,241.61279296875,-55.199951171875,374.39990234375,240.064208984375,-226.080078125,-539.0401855468749,-127.7760009765625,-6.719989013671864,61.440014648437455,130.87353515625
1761629757.3667908,2,2,1,0.08767572111891345,0.09058562237510417,-0.4249678980357248,0.007414212313875055,-0.008893483767637237,-0.001971796389608502,130.56000976562495,80.63996582031245,91.379150390625,-2.8799804687499773,67.68000488281251,171.916748046875,-36.0,276.0,170.3681640625,-139.679931640625,-366.2401367187499,-61.9520263671875,-6.719989013671864,44.639965820312455,111.513427734375
1761629757.4769726,2,2,1,-0.12794623759634674,0.031068441080618653,-2.419607895647123,0.0061608589875920845,-0.00999623373557983,-0.0015108939076462517,197.75996093749995,109.44001464843745,126.227294921875,-2.8799804687499773,115.68000488281251,237.74072265625,-48.0,403.199951171875,247.80810546875,-218.880126953125,-539.0401855468749,-116.1600341796875,-13.920001220703114,56.639965820312455,154.10546875
1761629757.5706077,2,2,1,0.011964667162718344,0.023410837745710518,-1.536006790898944,0.01122583945847001,-0.006992452864825041,-0.0012507226072030636,173.75996093749995,99.84003906249995,110.7392578125,-7.680029296874977,96.48002319335939,218.380859375,-50.4000244140625,362.39990234375,240.064208984375,-202.080078125,-491.0401855468749,-104.54400634765625,-11.520007324218739,51.839978027343705,146.361572265625
1761629757.696763,2,2,1,-0.04558824650863731,0.13607255432627055,-2.6541910609679804,0.011486504661202188,-0.010940840895044142,-0.0019722153913150423,94.56000976562495,47.039990234374955,75.89111328125,4.319970703125023,36.47999267578126,121.580810546875,-19.199951171875,189.60009765625,131.648193359375,-96.47998046875,-234.2401367187499,-34.8480224609375,-9.120013427734364,32.639965820312455,92.153564453125
1761629758.492467,2,2,1,0.0350210112631949,1.1945965324728354,-1.479299384187109,0.037157995764278355,-0.05296451079421532,-0.0010740492053964465,48.960034179687455,18.239941406249955,41.043212890625,11.519982910156273,17.280010986328136,63.500732421875,-9.5999755859375,96.0,69.696044921875,-46.080078125,-107.03994140624991,-19.3599853515625,-9.120013427734364,23.039990234374955,49.5615234375
1761629758.7068596,2,2,1,-0.16019974747817098,0.045846038170853504,-0.7737507553625179,0.0027268908514525817,-0.005114494905605095,-0.00015618863420792232,48.960034179687455,20.639965820312455,41.043212890625,9.120019531250023,12.479992675781261,59.62890625,-4.7999267578125,93.60009765625,73.568115234375,-46.080078125,-104.64003906249991,-15.488037109375,-6.719989013671864,18.240002441406205,49.5615234375
1761629758.815357,2,2,1,-0.13633424822406442,0.10193472871602777,-0.7709740102101003,0.0036976048077250185,-0.005597451050251391,-7.793934345132008e-05,51.359936523437455,18.239941406249955,29.42724609375,13.920007324218773,14.880017089843761,63.500732421875,-12.0,93.60009765625,65.82421875,-41.280029296875,-102.24013671874991,-15.488037109375,-6.719989013671864,18.240002441406205,45.689453125
1761629758.9094055,2,2,1,-0.08802649335747066,0.08710104190147522,-0.8233525805726765,0.0040651918652051915,-0.004608425254618162,6.258238337387685e-05,44.159985351562455,15.840039062499955,41.043212890625,9.120019531250023,14.880017089843761,63.500732421875,-14.4000244140625,93.60009765625,65.82421875,-46.080078125,-102.24013671874991,-15.488037109375,-9.120013427734364,18.240002441406205,49.5615234375
1761629759.0176306,2,2,1,-0.05952380998657922,0.11312304711931798,-0.7578553279952024,0.003805737350208429,-0.005325637874153005,0.00016042543070897913,46.560009765624955,20.639965820312455,37.171142578125,11.519982910156273,12.479992675781261,63.500732421875,-9.5999755859375,93.60009765625,69.696044921875,-43.679931640625,-99.83999023437491,-11.61602783203125,-9.120013427734364,18.240002441406205,41.817626953125
1761629759.1132727,2,2,1,-0.08560622550993316,0.08701659506807174,-0.7918543957985477,0.0035776144602599727,-0.004730845116862814,0.00030621760843104975,44.159985351562455,15.840039062499955,33.29931640625,6.719995117187523,12.479992675781261,59.62890625,-9.5999755859375,88.800048828125,73.568115234375,-43.679931640625,-97.44008789062491,-19.3599853515625,-4.319995117187489,20.639965820312455,45.689453125
1761629759.2202888,2,2,1,-0.10261783949455835,0.12586672778037888,-0.8073256239375641,0.0038860764048054,-0.0044029545790174734,0.00037697206148894896,44.159985351562455,15.840039062499955,37.171142578125,9.120019531250023,10.079998779296886,51.884765625,-9.5999755859375,88.800048828125,61.9521484375,-38.880126953125,-92.64003906249991,-11.61602783203125,-4.319995117187489,20.639965820312455,37.945556640625
1761629759.329303,2,2,1,-0.10501294735209496,0.08692041154567987,-0.7218286104755152,0.004091212622032497,-0.0044503935280678485,9.91057520103515e-05,41.759960937499955,18.239941406249955,33.29931640625,9.120019531250023,14.880017089843761,59.62890625,-9.5999755859375,84.0,61.9521484375,-38.880126953125,-92.64003906249991,-11.61602783203125,-6.719989013671864,18.240002441406205,37.945556640625
1761629759.4876752,2,2,1,-0.05297094211100289,0.08677737525151541,-0.8090332812653679,0.003916776282948838,-0.0048244480308883815,0.0005359334966881539,44.159985351562455,20.639965820312455,29.42724609375,11.519982910156273,12.479992675781261,51.884765625,-12.0,81.60009765625,61.9521484375,-36.47998046875,-92.64003906249991,-23.23199462890625,-6.719989013671864,15.839978027343705,37.945556640625
1761629759.5477138,2,2,1,-0.08625670123447883,0.10675650946180139,-0.7743814946702506,0.003920042348353125,-0.004633859840989258,0.0007031584292237835,44.159985351562455,13.440014648437455,33.29931640625,9.120019531250023,17.280010986328136,51.884765625,-7.199951171875,81.60009765625,69.696044921875,-34.080078125,-92.64003906249991,-19.3599853515625,-4.319995117187489,15.839978027343705,41.817626953125
1761629759.6418064,2,2,1,-0.06919258553149878,0.12585900800551045,-0.8418786378559762,0.004054999584391386,-0.004601750211120201,0.0005996895016540653,44.159985351562455,18.239941406249955,33.29931640625,11.519982910156273,12.479992675781261,59.62890625,-9.5999755859375,84.0,58.080078125,-41.280029296875,-92.64003906249991,-15.488037109375,-6.719989013671864,13.440014648437455,41.817626953125
1761629759.800041,2,2,1,-0.06864595537694936,0.08479382508201391,-0.7429233122253075,0.003578471363154431,-0.004312844271508618,0.0005584438405977572,41.759960937499955,13.440014648437455,29.42724609375,9.120019531250023,12.479992675781261,48.0126953125,-12.0,84.0,58.080078125,-38.880126953125,-87.83999023437491,-15.488037109375,-9.120013427734364,18.240002441406205,37.945556640625
1761629759.8606277,2,2,1,-0.0659046854853452,0.14492792946941202,-0.7937277546272045,0.0035581615291579455,-0.004639221433740126,0.000769380719516783,39.359936523437455,15.840039062499955,29.42724609375,9.120019531250023,7.680004882812511,63.500732421875,-9.5999755859375,84.0,58.080078125,-34.080078125,-90.24013671874991,-19.3599853515625,-6.719989013671864,20.639965820312455,34.073486328125
1761629759.9691393,2,2,1,-0.0666336826080973,0.06247204395479024,-0.7121896441451259,0.0028948563225419575,-0.0038630992240400886,0.00041212056722141364,41.759960937499955,15.840039062499955,33.29931640625,6.719995117187523,12.479992675781261,51.884765625,-7.199951171875,81.60009765625,58.080078125,-38.880126953125,-87.83999023437491,-15.488037109375,-11.520007324218739,15.839978027343705,37.945556640625
1761629760.0975616,2,2,1,-0.061071253392746716,0.09814784292835993,-0.8102562235751631,0.003837488502183131,-0.003919438715218488,0.0007689433115819839,41.759960937499955,15.840039062499955,33.29931640625,6.719995117187523,12.479992675781261,51.884765625,-7.199951171875,81.60009765625,58.080078125,-38.880126953125,-87.83999023437491,-15.488037109375,-11.520007324218739,15.839978027343705,37.945556640625
1761629760.1999846,2,2,1,-0.057145865958207386,0.1074886073185954,-0.829859886669047,0.003066318428900163,-0.004061447997813602,0.0006013306977469565,36.960034179687455,15.840039062499955,25.55517578125,11.519982910156273,10.079998779296886,55.7568359375,-7.199951171875,76.800048828125,61.9521484375,-34.080078125,-85.44008789062491,-7.7440185546875,-6.719989013671864,13.440014648437455,30.20166015625
1761629760.3188965,2,2,1,-0.0667129414631885,0.0828182584949167,-0.863722481729441,0.0030294003398661814,-0.0038902934272591534,0.0009822446549962549,36.960034179687455,13.440014648437455,29.42724609375,9.120019531250023,10.079998779296886,48.0126953125,-7.199951171875,74.39990234375,58.080078125,-34.080078125,-80.64003906249991,-11.61602783203125,-6.719989013671864,18.240002441406205,34.073486328125
1761629760.419467,2,2,1,-0.06723238795313995,0.09372950931487467,-0.8115774655403485,0.003295100536994285,-0.0041530851861638594,0.0006101056255087322,39.359936523437455,20.639965820312455,33.29931640625,9.120019531250023,12.479992675781261,48.0126953125,-9.5999755859375,74.39990234375,58.080078125,-34.080078125,-78.24013671874991,-19.3599853515625,-9.120013427734364,13.440014648437455,34.073486328125
1761629760.593787,2,2,1,-0.05797169281082251,0.0861840461119751,-0.6779944134822589,0.003089154075627018,-0.003742800913126561,3.2167238421518035e-05,39.359936523437455,13.440014648437455,29.42724609375,9.120019531250023,10.079998779296886,48.0126953125,-12.0,72.0,58.080078125,-38.880126953125,-78.24013671874991,-15.488037109375,-6.719989013671864,15.839978027343705,34.073486328125
1761629760.6378622,2,2,1,-0.04157267464912075,0.0970237199813079,-0.7454364852717703,0.0033421361798430093,-0.003991187549894275,0.0005553619080534596,39.359936523437455,15.840039062499955,25.55517578125,6.719995117187523,14.880017089843761,48.0126953125,-9.5999755859375,74.39990234375,54.2080078125,-34.080078125,-78.24013671874991,-15.488037109375,-4.319995117187489,18.240002441406205,34.073486328125
1761629760.7971137,2,2,1,-0.04925191718502937,0.0931919326335447,-0.7459375245332982,0.003151436754283001,-0.004212797384015851,0.0008674090499256959,39.359936523437455,13.440014648437455,25.55517578125,6.719995117187523,10.079998779296886,48.0126953125,-7.199951171875,74.39990234375,50.336181640625,-36.47998046875,-75.83999023437491,-15.488037109375,-9.120013427734364,13.440014648437455,37.945556640625
1761629760.8562255,2,2,1,-0.06890388117411703,0.09277698227187382,-0.794381514002181,0.0036357996652809773,-0.0037633512448116803,0.0010870121476737903,36.960034179687455,8.639965820312455,29.42724609375,9.120019531250023,10.079998779296886,48.0126953125,-7.199951171875,76.800048828125,50.336181640625,-34.080078125,-78.24013671874991,-11.61602783203125,-6.719989013671864,15.839978027343705,34.073486328125
1761629760.9678957,2,2,1,-0.07115110490235454,0.09587091974260369,-0.6977577944873409,0.002334168895696329,-0.0037474999096808867,0.0005683044894161457,0,0,0,0,0,0,0,0,0,0,0,0,0,0,0
1761629761.0762982,2,2,1,-0.06759244049707666,0.09097406249254968,-0.8297955149532631,0.0032714739891095976,-0.003409779212700944,0.0010729991225110348,32.159985351562455,11.039990234374955,33.29931640625,11.519982910156273,12.479992675781261,48.0126953125,-4.7999267578125,69.60009765625,54.2080078125,-29.280029296875,-78.24013671874991,-11.61602783203125,-4.319995117187489,13.440014648437455,26.32958984375
