timestamp,fz,ty,pos1_x,pos1_y,pos2_x,pos2_y,mag0_x,mag0_y,mag0_z,mag1_x,mag1_y,mag1_z,mag2_x,mag2_y,mag2_z,mag3_x,mag3_y,mag3_z,mag4_x,mag4_y,mag4_z
1762752396.0714304,0.33906951315183176,0.0027809832050831257,3,2,2,3,-4.319921875000091,-20.160009765624977,15.488037109375,4.799993896484352,-1.920013427734375,39.494384765625,11.0400390625,19.199951171875,75.11674804687482,-19.199999999999818,-9.60009765625,12.390429687500045,-14.880010986328102,41.28005371093741,3.09765625
1762752396.2760231,0.3699715668447162,0.003160885290128965,3,2,2,3,5.280053710937409,-17.759985351562477,27.10400390625,9.600012207031227,0.480010986328125,51.1103515625,11.0400390625,14.4000244140625,78.98881835937482,-19.199999999999818,-7.199951171875,4.6464111328125455,-12.479986572265602,41.28005371093741,3.09765625
1762752396.368113,0.37049308163709466,0.003368456323427847,3,2,2,3,0.48000488281240905,-17.759985351562477,23.23193359375,2.3999999999999773,0.480010986328125,35.622314453125,8.6400146484375,16.7999267578125,78.98881835937482,-21.600146484374818,-9.60009765625,8.518420410156295,-12.479986572265602,38.88002929687491,3.09765625
1762752396.4811769,0.3539957151204527,0.003183917959079709,3,2,2,3,2.880029296874909,-20.160009765624977,23.23193359375,7.199987792968727,2.8800048828125,39.494384765625,11.0400390625,14.4000244140625,67.37285156249982,-19.199999999999818,-7.199951171875,4.6464111328125455,-14.880010986328102,41.28005371093741,-0.7744140625
1762752396.5756667,0.288877995147117,0.0026977561528221607,3,2,2,3,0.48000488281240905,-17.759985351562477,19.360107421875,2.3999999999999773,0.480010986328125,39.494384765625,8.6400146484375,21.5999755859375,75.11674804687482,-24.000048828124818,-12.0,8.518420410156295,-14.880010986328102,41.28005371093741,-8.518310546875
1762752396.6691337,0.33913807629797627,0.003001513280121492,3,2,2,3,2.880029296874909,-15.360021972656227,27.10400390625,4.799993896484352,0.480010986328125,43.366455078125,8.6400146484375,19.199951171875,75.11674804687482,-19.199999999999818,-12.0,8.518420410156295,-14.880010986328102,36.48000488281241,3.09765625
1762752396.8794045,0.3201342265688904,0.003072906640502879,3,2,2,3,2.880029296874909,-17.759985351562477,27.10400390625,4.799993896484352,0.480010986328125,31.75048828125,8.6400146484375,16.7999267578125,71.24467773437482,-16.800097656249818,-12.0,4.6464111328125455,-12.479986572265602,41.28005371093741,3.09765625
1762752396.972975,0.4221622517645808,0.003303575270369225,3,2,2,3,0.48000488281240905,-17.759985351562477,30.97607421875,6.1035156022626325e-06,0.480010986328125,35.622314453125,11.0400390625,16.7999267578125,71.24467773437482,-12.000048828124818,-9.60009765625,8.518420410156295,-7.679998779296852,38.88002929687491,-0.7744140625
1762752397.2781205,0.4220506409098326,0.0036754535967022644,3,2,2,3,2.880029296874909,-17.759985351562477,19.360107421875,7.199987792968727,-1.920013427734375,39.494384765625,8.6400146484375,19.199951171875,75.11674804687482,-16.800097656249818,-9.60009765625,8.518420410156295,-10.079992675781227,38.88002929687491,10.841796875
1762752397.372979,0.3530787450055606,0.003313281416963008,3,2,2,3,5.280053710937409,-22.559973144531227,27.10400390625,7.199987792968727,-1.920013427734375,39.494384765625,11.0400390625,14.4000244140625,71.24467773437482,-19.199999999999818,-9.60009765625,4.6464111328125455,-12.479986572265602,38.88002929687491,-4.646240234375
1762752397.4014668,0.28863916974183607,0.0030463539356338836,3,2,2,3,7.680078124999909,-17.759985351562477,27.10400390625,4.799993896484352,2.8800048828125,35.622314453125,11.0400390625,19.199951171875,78.98881835937482,-21.600146484374818,-9.60009765625,4.6464111328125455,-12.479986572265602,38.88002929687491,-4.646240234375
1762752397.494297,0.28471157542193587,0.0033590114473246347,3,2,2,3,5.280053710937409,-17.759985351562477,27.10400390625,2.3999999999999773,0.480010986328125,43.366455078125,11.0400390625,19.199951171875,71.24467773437482,-19.199999999999818,-9.60009765625,12.390429687500045,-14.880010986328102,38.88002929687491,6.9697265625
1762752397.5879245,0.28603219134048885,0.0027279612504824725,3,2,2,3,0.0,0.0,0.0,0.0,0.0,0.0,0.0,0.0,0.0,0.0,0.0,0.0,0.0,0.0,0.0
1762752397.605105,0.35470538562183607,0.0032856678192246347,3,2,2,3,-1.920019531250091,-22.559973144531227,27.10400390625,4.799993896484352,2.8800048828125,43.366455078125,11.0400390625,21.5999755859375,75.11674804687482,-21.600146484374818,-12.0,12.390429687500045,-12.479986572265602,38.88002929687491,-0.7744140625
1762752397.9807928,0.30347487846470783,0.0030536840155322336,3,2,2,3,2.880029296874909,-17.759985351562477,27.10400390625,9.600012207031227,0.480010986328125,43.366455078125,11.0400390625,19.199951171875,78.98881835937482,-19.199999999999818,-9.60009765625,8.518420410156295,-12.479986572265602,36.48000488281241,3.09765625
1762752398.0755157,0.31686259676337514,0.0030363057131865667,3,2,2,3,2.880029296874909,-12.959997558593727,27.10400390625,7.199987792968727,5.279998779296875,39.494384765625,8.6400146484375,21.5999755859375,71.24467773437482,-16.800097656249818,-9.60009765625,0.7744018554687955,-14.880010986328102,41.28005371093741,-0.7744140625
1762752398.280255,0.5803053333756925,0.004386018573398576,3,2,2,3,7.680078124999909,-20.160009765624977,23.23193359375,2.3999999999999773,-4.32000732421875,39.494384765625,8.6400146484375,16.7999267578125,75.11674804687482,-21.600146484374818,-9.60009765625,4.6464111328125455,-17.280004882812477,38.88002929687491,6.9697265625
1762752398.3715956,0.5626331662795969,0.0037229163607427115,3,2,2,3,2.880029296874909,-15.360021972656227,30.97607421875,2.3999999999999773,-1.920013427734375,35.622314453125,8.6400146484375,21.5999755859375,67.37285156249982,-19.199999999999818,-12.0,4.6464111328125455,-7.679998779296852,41.28005371093741,3.09765625
1762752398.4809134,0.5672338878046096,0.005024353976106959,3,2,2,3,2.880029296874909,-17.759985351562477,27.10400390625,7.199987792968727,-1.920013427734375,39.494384765625,11.0400390625,16.7999267578125,67.37285156249982,-14.399951171874818,-12.0,12.390429687500045,-14.880010986328102,38.88002929687491,-0.7744140625
1762752398.6688375,0.6269651284164959,0.004407341368011937,3,2,2,3,0.0,0.0,0.0,0.0,0.0,0.0,0.0,0.0,0.0,0.0,0.0,0.0,0.0,0.0,0.0
1762752398.7789347,0.4573003754455607,0.004465834810502103,3,2,2,3,7.680078124999909,-20.160009765624977,23.23193359375,7.199987792968727,-1.920013427734375,43.366455078125,8.6400146484375,16.7999267578125,67.37285156249982,-21.600146484374818,-12.0,8.518420410156295,-12.479986572265602,43.67995605468741,10.841796875
1762752398.8715806,0.31496897233500054,0.004770788976455434,3,2,2,3,0.48000488281240905,-17.759985351562477,23.23193359375,4.799993896484352,2.8800048828125,31.75048828125,13.43994140625,16.7999267578125,71.24467773437482,-19.199999999999818,-14.400146484375,4.6464111328125455,-14.880010986328102,38.88002929687491,-0.7744140625
1762752399.07816,0.5374665767140634,0.005517563667782265,3,2,2,3,0.48000488281240905,-17.759985351562477,34.84814453125,4.799993896484352,0.480010986328125,35.622314453125,8.6400146484375,19.199951171875,71.24467773437482,-16.800097656249818,-9.60009765625,16.262438964843795,-10.079992675781227,38.88002929687491,-0.7744140625
1762752399.1732032,0.7037116900356309,0.005813486951153839,3,2,2,3,2.880029296874909,-17.759985351562477,23.23193359375,6.1035156022626325e-06,0.480010986328125,39.494384765625,8.6400146484375,19.199951171875,75.11674804687482,-16.800097656249818,-12.0,12.390429687500045,-12.479986572265602,38.88002929687491,-4.646240234375
1762752399.2692575,0.7026037543867969,0.005069075715086956,3,2,2,3,0.48000488281240905,-20.160009765624977,27.10400390625,2.3999999999999773,0.480010986328125,39.494384765625,11.0400390625,12.0,67.37285156249982,-16.800097656249818,-14.400146484375,4.6464111328125455,-14.880010986328102,36.48000488281241,-4.646240234375
1762752399.3799832,0.8887630198003833,0.005229968153890123,3,2,2,3,5.280053710937409,-20.160009765624977,23.23193359375,2.3999999999999773,-1.920013427734375,43.366455078125,15.8399658203125,16.7999267578125,75.11674804687482,-14.399951171874818,-12.0,4.6464111328125455,-12.479986572265602,41.28005371093741,3.09765625
1762752399.48788,0.9570699976257845,0.006493594340204784,3,2,2,3,0.48000488281240905,-15.360021972656227,19.360107421875,7.199987792968727,0.480010986328125,31.75048828125,11.0400390625,16.7999267578125,71.24467773437482,-19.199999999999818,-9.60009765625,8.518420410156295,-14.880010986328102,36.48000488281241,-0.7744140625
1762752399.6768012,1.0051435713935484,0.006168126440100869,3,2,2,3,0.48000488281240905,-17.759985351562477,27.10400390625,7.199987792968727,2.8800048828125,47.23828125,13.43994140625,21.5999755859375,71.24467773437482,-19.199999999999818,-7.199951171875,8.518420410156295,-12.479986572265602,41.28005371093741,-4.646240234375
1762752399.7703497,0.9383806100729047,0.0068424728144680595,3,2,2,3,5.280053710937409,-20.160009765624977,23.23193359375,7.199987792968727,0.480010986328125,35.622314453125,8.6400146484375,19.199951171875,67.37285156249982,-16.800097656249818,-9.60009765625,12.390429687500045,-12.479986572265602,38.88002929687491,3.09765625
1762752400.068508,0.8369994507364789,0.006787323738594097,3,2,2,3,5.280053710937409,-22.559973144531227,27.10400390625,7.199987792968727,-1.920013427734375,39.494384765625,11.0400390625,19.199951171875,75.11674804687482,-21.600146484374818,-12.0,16.262438964843795,-12.479986572265602,41.28005371093741,10.841796875
1762752400.3792098,0.872202776706392,0.0058658024556949365,3,2,2,3,0.48000488281240905,-17.759985351562477,27.10400390625,2.3999999999999773,-1.920013427734375,39.494384765625,8.6400146484375,14.4000244140625,78.98881835937482,-21.600146484374818,-9.60009765625,8.518420410156295,-12.479986572265602,36.48000488281241,3.09765625
1762752400.6777194,0.918646225051645,0.006354876609493172,3,2,2,3,0.0,0.0,0.0,0.0,0.0,0.0,0.0,0.0,0.0,0.0,0.0,0.0,0.0,0.0,0.0
1762752400.770728,0.7181981964850923,0.0063826999881188,3,2,2,3,31.68007812499991,-27.360021972656227,73.568115234375,31.200018310546852,10.079986572265625,89.830322265625,-0.9599609375,64.800048828125,144.81279296874982,-57.60014648437482,-28.800048828125,-3.0976074218749545,-19.679998779296852,67.67995605468741,49.561767578125
1762752400.8141649,0.6802464740197869,0.007503105829614842,3,2,2,3,41.28005371093741,-27.360021972656227,69.696044921875,31.200018310546852,10.079986572265625,82.08642578125,-0.9599609375,76.800048828125,152.55668945312482,-62.39995117187482,-38.400146484375,0.7744018554687955,-24.479986572265602,65.28005371093741,53.43359375
1762752400.9721253,0.24919131100432612,0.00656923118786629,3,2,2,3,41.28005371093741,-24.959997558593727,65.823974609375,31.200018310546852,12.480010986328125,97.574462890625,-0.9599609375,67.199951171875,152.55668945312482,-69.60014648437482,-40.800048828125,-10.841564941406205,-19.679998779296852,70.07998046874991,53.43359375
1762752401.0673614,0.321061559475115,0.0057006732765699335,3,2,2,3,58.07998046874991,-24.959997558593727,85.18408203125,45.5999816894531,24.480010986328125,116.934326171875,-8.1600341796875,86.39990234375,160.30083007812482,-84.00004882812482,-40.800048828125,-26.329602050781205,-24.479986572265602,74.88002929687491,61.177734375
1762752401.0944197,0.32068787827034956,0.006134821731407754,3,2,2,3,65.28005371093741,-22.559973144531227,85.18408203125,48.0000061035156,26.8800048828125,132.42236328125,-10.56005859375,91.199951171875,179.66069335937482,-88.80009765624982,-48.0,-18.585583496093705,-26.880010986328102,79.67995605468741,68.921630859375
1762752401.1752033,0.18085743717156377,0.006237251246472368,3,2,2,3,74.88002929687491,-29.759985351562477,100.672119140625,57.5999816894531,29.279998779296875,147.910400390625,-12.9599609375,115.199951171875,218.38066406249982,-112.80009765624982,-57.60009765625,-26.329602050781205,-34.07999267578123,91.67995605468741,84.40966796875
1762752401.6708987,-1.3064307269288262,0.011285846647400856,3,2,2,3,132.4800048828124,-58.55997314453123,185.85595703125,105.5999816894531,60.480010986328125,260.1982421875,-8.1600341796875,196.800048828125,396.4927246093748,-208.80009765624982,-103.199951171875,-45.689587402343705,-62.8800109863281,163.6799560546874,130.873779296875
1762752401.7795663,-1.3721308531784788,0.010087505679776523,3,2,2,3,137.2800537109374,-63.36002197265623,193.60009765625,110.4000305175781,58.08001708984375,260.1982421875,-0.9599609375,204.0,415.8528320312498,-213.60014648437482,-103.199951171875,-57.305615234374955,-65.28000488281248,163.6799560546874,142.48974609375
1762752401.967194,-1.8927746216448866,0.01016428059658699,3,2,2,3,158.8800292968749,-77.75998535156248,220.7041015625,117.5999816894531,53.279998779296875,291.17431640625,-3.3599853515625,247.199951171875,485.5488769531248,-247.19999999999982,-115.199951171875,-61.177563476562455,-89.28000488281248,190.0799804687499,161.849609375
1762752402.8727453,-3.4835887714147056,0.008532254410863218,3,2,2,3,302.8800292968749,-183.36002197265623,360.095947265625,182.4000305175781,29.279998779296875,341.51025390625,6.239990234375,458.39990234375,806.9248535156248,-451.1999999999998,-196.800048828125,-127.0015991210937,-202.0800079345703,247.6799560546874,305.11376953125
1762752402.980006,-3.8237001683423166,0.008594304898130725,3,2,2,3,329.2800537109374,-200.16000976562498,371.7119140625,196.79999389648435,22.079986572265625,349.25439453125,15.8399658203125,499.199951171875,853.3887207031248,-477.6001464843748,-211.199951171875,-138.6175659179687,-221.28000488281248,252.4800048828124,320.601806640625
1762752403.0780501,-4.174565533194757,0.009995410293646569,3,2,2,3,348.4800048828124,-209.75998535156248,383.328125,206.4000305175781,24.480010986328125,349.25439453125,8.6400146484375,528.0,876.6208984374998,-492.0000488281248,-211.199951171875,-146.3615844726562,-235.67999877929685,259.6799560546874,347.705810546875
1762752403.1726532,-4.279433191758976,0.009497001849795947,3,2,2,3,353.2800537109374,-207.36002197265623,383.328125,213.5999816894531,24.480010986328125,356.99853515625,6.239990234375,532.800048828125,872.7488281249998,-492.0000488281248,-216.0,-150.23359374999995,-233.28000488281248,254.8800292968749,339.961669921875
1762752403.2811923,-4.099239390580363,0.007596536476360785,3,2,2,3,0.0,0.0,0.0,0.0,0.0,0.0,0.0,0.0,0.0,0.0,0.0,0.0,0.0,0.0,0.0
1762752403.3740988,-3.909877219108604,0.010522873343382996,3,2,2,3,358.0801025390624,-176.16000976562498,352.35205078125,235.20001831054685,65.27999877929688,368.6142578125,-8.1600341796875,520.800048828125,814.6687499999998,-460.8000976562498,-206.400146484375,-161.84956054687495,-209.28000488281248,250.0799804687499,347.705810546875
1762752403.5771022,-3.193542592675626,0.006330855343661744,3,2,2,3,329.2800537109374,-128.16000976562498,313.632080078125,244.79999389648435,122.8800048828125,418.9501953125,-12.9599609375,463.199951171875,713.9968749999998,-396.0000488281248,-187.199951171875,-173.4655883789062,-158.87999572753904,257.2800537109374,301.24169921875
1762752403.6721318,-3.343293599352645,0.0074011799826500255,3,2,2,3,319.6800781249999,-111.36002197265623,294.27197265625,254.4000305175781,144.48001098632812,438.310546875,-15.3599853515625,446.39990234375,698.5088378906248,-388.8000976562498,-180.0,-173.4655883789062,-146.87999572753904,259.6799560546874,289.625732421875
1762752403.7796335,-3.451157856667545,0.005521748553140108,3,2,2,3,338.8800292968749,-99.36002197265623,278.783935546875,288.0000061035156,175.68002319335938,461.54248046875,-24.9599609375,460.800048828125,648.1729003906248,-350.3999511718748,-165.60009765625,-196.69758300781245,-144.48000183105466,266.8800292968749,305.11376953125
1762752403.8759713,-3.5696212419640583,0.009177313568111122,3,2,2,3,338.8800292968749,-94.55997314453123,259.424072265625,292.79999389648435,190.07998657226562,469.28662109375,-24.9599609375,460.800048828125,632.6848632812498,-336.0000488281248,-156.0,-196.69758300781245,-139.67999877929685,271.6799560546874,297.36962890625
1762752403.9662838,-3.5396893211097016,0.010243173229649093,3,2,2,3,0.0,0.0,0.0,0.0,0.0,0.0,0.0,0.0,0.0,0.0,0.0,0.0,0.0,0.0,0.0
1762752404.371647,-3.3819059770909607,0.002183651994578233,3,2,2,3,168.4800048828124,-34.55997314453123,247.80810546875,187.20001831054685,156.48001098632812,542.8544921875,35.0400390625,278.39990234375,617.1968261718748,-268.8000976562498,-151.199951171875,-65.0495727539062,-50.8800109863281,314.8800292968749,146.36181640625
1762752404.6709304,-1.7964611448299619,0.005734649059722503,3,2,2,3,154.0799804687499,-65.75998535156248,240.06396484375,158.4000305175781,106.08001708984375,453.79833984375,47.0400390625,264.0,597.8367187499998,-254.39995117187482,-132.0,-53.433605957031205,-72.4799865722656,278.8800292968749,138.61767578125
1762752404.7783127,-2.164979344604213,0.004185280742846433,3,2,2,3,175.6800781249999,-82.55997314453123,255.552001953125,165.5999816894531,120.48001098632812,477.0302734375,51.8399658203125,295.199951171875,667.5327636718748,-288.0000488281248,-141.60009765625,-65.0495727539062,-89.28000488281248,295.6799560546874,146.36181640625
1762752404.872322,-2.730217566601887,0.005583475347723205,3,2,2,3,190.0799804687499,-84.95999755859373,267.16796875,177.5999816894531,127.67999267578125,496.390625,54.239990234375,312.0,698.5088378906248,-309.6001464843748,-151.199951171875,-72.7935913085937,-101.28000488281248,312.4800048828124,146.36181640625
1762752404.9005568,-2.763400909698678,0.0056916983519587835,3,2,2,3,0.0,0.0,0.0,0.0,0.0,0.0,0.0,0.0,0.0,0.0,0.0,0.0,0.0,0.0,0.0
1762752405.0774539,-3.748586493862012,0.006341813166849862,3,2,2,3,242.8800292968749,-152.16000976562498,317.504150390625,206.4000305175781,132.48001098632812,535.1103515625,73.43994140625,391.199951171875,880.4927246093748,-381.6001464843748,-170.400146484375,-96.02558593749995,-158.87999572753904,358.0799804687499,181.209716796875
1762752405.1706042,-4.613805311832298,0.00731749436747196,3,2,2,3,240.4800048828124,-161.75998535156248,329.1201171875,206.4000305175781,149.27999877929688,550.59814453125,73.43994140625,400.800048828125,903.7249023437498,-400.8000976562498,-172.800048828125,-111.5135620117187,-166.0800079345703,374.8800292968749,177.337646484375
1762752405.37157,-5.227937088850881,0.005791606780753224,3,2,2,3,254.8800292968749,-180.95999755859373,352.35205078125,213.5999816894531,168.48001098632812,597.0625,83.0400390625,424.800048828125,996.6528808593748,-451.1999999999998,-189.60009765625,-130.87360839843745,-185.28000488281248,403.6799560546874,173.465576171875
1762752405.48067,-5.676954699584355,0.005795246809201168,3,2,2,3,0.0,0.0,0.0,0.0,0.0,0.0,0.0,0.0,0.0,0.0,0.0,0.0,0.0,0.0,0.0
1762752405.574721,-5.177653837109995,0.0017696976223630506,3,2,2,3,0.0,0.0,0.0,0.0,0.0,0.0,0.0,0.0,0.0,0.0,0.0,0.0,0.0,0.0,0.0
1762752405.6703804,-4.394358144838865,0.0024596324974895997,3,2,2,3,223.6800781249999,-140.16000976562498,313.632080078125,187.20001831054685,154.08001708984375,535.1103515625,61.43994140625,364.800048828125,841.7727539062498,-393.6001464843748,-175.199951171875,-111.5135620117187,-142.0800079345703,355.6799560546874,165.7216796875
1762752405.7809513,-3.3047246042455938,0.0014052965590699226,3,2,2,3,214.0799804687499,-135.36002197265623,305.887939453125,175.20001831054685,122.8800048828125,484.7744140625,51.8399658203125,352.800048828125,795.3088867187498,-379.1999999999998,-170.400146484375,-96.02558593749995,-144.48000183105466,322.0799804687499,169.59375
1762752405.8786194,-3.0536762770283445,0.0013378836629615119,3,2,2,3,211.6800781249999,-140.16000976562498,305.887939453125,160.79999389648435,86.8800048828125,438.310546875,49.43994140625,355.199951171875,772.0767089843748,-364.8000976562498,-165.60009765625,-84.4095581054687,-146.87999572753904,305.2800537109374,185.081787109375
1762752405.9679806,-2.6275569425446172,0.005611609138799053,3,2,2,3,197.2800537109374,-144.95999755859373,290.400146484375,144.0000061035156,58.08001708984375,380.23046875,51.8399658203125,336.0,733.3567382812498,-340.8000976562498,-148.800048828125,-61.177563476562455,-149.28000488281248,278.8800292968749,177.337646484375
1762752406.0750608,-1.9791215251284298,0.007386842713579141,3,2,2,3,185.2800537109374,-137.75998535156248,271.0400390625,124.79999389648435,41.279998779296875,341.51025390625,42.239990234375,316.800048828125,679.1487304687498,-316.8000976562498,-141.60009765625,-49.561596679687455,-146.87999572753904,252.4800048828124,181.209716796875
1762752406.3734295,-0.5610488458426587,0.006219891263301385,3,2,2,3,180.4800048828124,-87.36002197265623,243.93603515625,132.0000061035156,77.27999877929688,353.12646484375,15.8399658203125,283.199951171875,570.7327148437498,-295.1999999999998,-158.400146484375,-84.4095581054687,-101.28000488281248,218.8800292968749,161.849609375
1762752406.468577,-0.9481610986099289,0.006227936026170892,3,2,2,3,180.4800048828124,-68.16000976562498,224.575927734375,139.20001831054685,94.08001708984375,341.51025390625,11.0400390625,268.800048828125,520.3967773437498,-285.6001464843748,-153.60009765625,-88.28156738281245,-84.4799865722656,206.8800292968749,154.105712890625
1762752406.5772707,-0.6642693765303188,0.004503413560163727,3,2,2,3,185.2800537109374,-44.16000976562498,209.088134765625,158.4000305175781,122.8800048828125,368.6142578125,-3.3599853515625,261.60009765625,473.9326660156248,-276.0000488281248,-158.400146484375,-99.8975952148437,-58.07999267578123,204.4800048828124,157.977783203125
1762752406.9827845,0.22202979679137494,0.005668309458003059,3,2,2,3,154.0799804687499,-46.55997314453123,174.239990234375,129.5999816894531,77.27999877929688,295.04638671875,20.6400146484375,235.199951171875,419.7249023437498,-208.80009765624982,-122.400146484375,-68.92158203124995,-65.28000488281248,170.8800292968749,142.48974609375
1762752407.0753264,0.021940981827616668,0.008594962675092886,3,2,2,3,151.6800781249999,-68.16000976562498,181.984130859375,112.79999389648435,41.279998779296875,264.0703125,23.0400390625,240.0,439.0847656249998,-206.39995117187482,-115.199951171875,-45.689587402343705,-82.07999267578123,170.8800292968749,130.873779296875
1762752407.8704915,-1.5433358845779814,0.007659376894158303,3,2,2,3,190.0799804687499,-108.95999755859373,224.575927734375,139.20001831054685,17.279998779296875,287.30224609375,49.43994140625,328.800048828125,574.6047851562498,-256.8000976562498,-132.0,-53.433605957031205,-122.87999572753904,199.6799560546874,185.081787109375
1762752407.9805617,-1.1239185815603443,0.008560677596891816,3,2,2,3,166.0799804687499,-104.16000976562498,209.088134765625,112.79999389648435,7.67999267578125,256.326171875,44.6400146484375,283.199951171875,528.1406738281248,-235.19999999999982,-120.0,-41.817578124999955,-115.67999877929685,185.2800537109374,165.7216796875
1762752408.1686516,-0.23904324737014093,0.00782345492223778,3,2,2,3,168.4800048828124,-80.16000976562498,197.471923828125,120.0000061035156,29.279998779296875,252.45458984375,27.8399658203125,271.199951171875,466.1887695312498,-228.00004882812482,-117.60009765625,-53.433605957031205,-98.8800109863281,175.6799560546874,169.59375
1762752408.2768877,-0.6020924947375791,0.008061189890678867,3,2,2,3,163.6800781249999,-80.16000976562498,185.85595703125,115.20001831054685,24.480010986328125,256.326171875,23.0400390625,261.60009765625,450.7007324218748,-211.19999999999982,-117.60009765625,-53.433605957031205,-94.07999267578123,170.8800292968749,157.977783203125
1762752408.3971632,-0.27009032130842636,0.007543924398171406,3,2,2,3,134.8800292968749,-65.75998535156248,174.239990234375,100.79999389648435,31.67999267578125,229.22216796875,18.239990234375,218.39990234375,404.2368652343748,-189.60014648437482,-105.60009765625,-45.689587402343705,-79.67999877929685,149.2800537109374,138.61767578125
1762752408.491659,0.022836918595803363,0.006290122960936005,3,2,2,3,132.4800048828124,-60.95999755859373,174.239990234375,100.79999389648435,43.67999267578125,244.71044921875,15.8399658203125,211.199951171875,400.3647949218748,-194.39995117187482,-110.400146484375,-41.817578124999955,-72.4799865722656,156.4800048828124,123.129638671875
1762752409.0736282,-1.0285447896343132,0.007736250069458493,3,2,2,3,190.0799804687499,-63.36002197265623,209.088134765625,156.0000061035156,67.67999267578125,329.89453125,25.43994140625,297.60009765625,493.2927734374998,-240.00004882812482,-141.60009765625,-68.92158203124995,-82.07999267578123,192.4800048828124,181.209716796875
1762752409.1696408,-1.1921872945587872,0.006829069795658591,3,2,2,3,194.8800292968749,-65.75998535156248,209.088134765625,156.0000061035156,65.27999877929688,337.63818359375,25.43994140625,304.800048828125,504.9087402343748,-240.00004882812482,-146.400146484375,-72.7935913085937,-84.4799865722656,194.8800292968749,177.337646484375
1762752409.4818923,-0.8410142304899535,0.009750691355416292,3,2,2,3,190.0799804687499,-65.75998535156248,189.72802734375,160.79999389648435,43.67999267578125,302.79052734375,35.0400390625,304.800048828125,477.8047363281248,-220.80009765624982,-122.400146484375,-65.0495727539062,-89.28000488281248,180.4800048828124,192.82568359375
1762752409.574611,-0.9474232180746505,0.009883266552355103,3,2,2,3,194.8800292968749,-65.75998535156248,193.60009765625,156.0000061035156,50.8800048828125,306.66259765625,32.6400146484375,307.199951171875,477.8047363281248,-216.00004882812482,-117.60009765625,-65.0495727539062,-89.28000488281248,185.2800537109374,181.209716796875
1762752409.6696475,-0.8190925705313955,0.009207498323286045,3,2,2,3,214.0799804687499,-80.16000976562498,212.9599609375,172.79999389648435,41.279998779296875,302.79052734375,39.8399658203125,338.39990234375,524.2688476562498,-235.19999999999982,-129.60009765625,-72.7935913085937,-108.4799865722656,185.2800537109374,208.313720703125
1762752409.7796698,-1.2770040659028448,0.011411115664526494,3,2,2,3,226.0801025390624,-84.95999755859373,220.7041015625,180.0000061035156,48.480010986328125,333.7666015625,32.6400146484375,352.800048828125,543.6287109374998,-259.1999999999998,-136.800048828125,-88.28156738281245,-110.8800109863281,199.6799560546874,208.313720703125
1762752410.1714022,-1.6643066285429824,0.00969915621600015,3,2,2,3,228.4800048828124,-96.95999755859373,228.447998046875,172.79999389648435,38.8800048828125,318.2783203125,39.8399658203125,362.39990234375,566.8608886718748,-273.6001464843748,-146.400146484375,-88.28156738281245,-130.0800079345703,199.6799560546874,216.0576171875
1762752410.3768435,-1.3710150960193226,0.0041813440058424516,3,2,2,3,223.6800781249999,-75.36002197265623,220.7041015625,172.79999389648435,72.48001098632812,349.25439453125,20.6400146484375,340.800048828125,535.8848144531248,-271.1999999999998,-158.400146484375,-96.02558593749995,-98.8800109863281,202.0799804687499,204.441650390625
1762752410.4723523,-1.6022433996603869,0.004823202142590289,3,2,2,3,238.0801025390624,-84.95999755859373,240.06396484375,189.5999816894531,74.8800048828125,364.7421875,30.239990234375,372.0,586.2207519531248,-297.6001464843748,-168.0,-107.6416137695312,-115.67999877929685,214.0799804687499,216.0576171875
1762752410.5798755,-1.994014470290757,0.004342017072067345,3,2,2,3,254.8800292968749,-84.95999755859373,247.80810546875,196.79999389648435,79.67999267578125,384.1025390625,30.239990234375,391.199951171875,605.5808593749998,-309.6001464843748,-175.199951171875,-107.6416137695312,-118.07999267578123,221.2800537109374,223.8017578125
1762752410.7804704,-2.572003671130232,0.0056093473756906416,3,2,2,3,276.4800048828124,-94.55997314453123,251.679931640625,220.79999389648435,94.08001708984375,411.20654296875,37.43994140625,427.199951171875,655.9167968749998,-333.6001464843748,-184.800048828125,-123.12958984374995,-125.28000488281248,238.0799804687499,243.16162109375
1762752410.8738153,-2.7070994416833827,0.005669548697772633,3,2,2,3,269.2800537109374,-89.75998535156248,255.552001953125,213.5999816894531,98.8800048828125,411.20654296875,32.6400146484375,417.60009765625,652.0447265624998,-331.1999999999998,-189.60009765625,-127.0015991210937,-125.28000488281248,235.6799560546874,243.16162109375
1762752410.9676826,-2.5825414922862073,0.003280764740592806,3,2,2,3,288.4800048828124,-94.55997314453123,271.0400390625,228.0000061035156,98.8800048828125,434.4384765625,37.43994140625,444.0,686.8928710937498,-352.8000976562498,-199.199951171875,-130.87360839843745,-130.0800079345703,252.4800048828124,250.90576171875
1762752411.075537,-3.1505338194641,0.00267726331972916,3,2,2,3,305.2800537109374,-104.16000976562498,278.783935546875,252.0000061035156,115.67999267578125,465.41455078125,44.6400146484375,475.199951171875,733.3567382812498,-369.6001464843748,-208.800048828125,-146.3615844726562,-142.0800079345703,262.0799804687499,270.265625
1762752411.169646,-3.71814604512491,0.0033532275717140783,3,2,2,3,326.8800292968749,-120.95999755859373,298.14404296875,259.20001831054685,106.08001708984375,477.0302734375,56.6400146484375,511.199951171875,795.3088867187498,-398.3999511718748,-220.800048828125,-154.1056030273437,-163.67999877929685,283.6799560546874,281.881591796875
1762752411.2791936,-4.10282831457836,0.005061121808291394,3,2,2,3,0.0,0.0,0.0,0.0,0.0,0.0,0.0,0.0,0.0,0.0,0.0,0.0,0.0,0.0,0.0
1762752411.372743,-4.49135168028606,0.006368135534656561,3,2,2,3,360.4800048828124,-137.75998535156248,313.632080078125,273.5999816894531,122.8800048828125,496.390625,61.43994140625,556.800048828125,857.2607910156248,-422.3999511718748,-228.0,-165.7215698242187,-187.67999877929685,300.4800048828124,297.36962890625
1762752411.6693835,-3.768721720055662,0.0022330556097304092,3,2,2,3,329.2800537109374,-96.95999755859373,290.400146484375,271.20001831054685,158.8800048828125,511.87841796875,37.43994140625,494.39990234375,756.5886718749998,-398.3999511718748,-223.199951171875,-177.33759765624995,-139.67999877929685,286.0799804687499,270.265625
1762752411.7798595,-3.5794398920410195,0.0003292817989389951,3,2,2,3,334.0801025390624,-96.95999755859373,286.528076171875,278.4000305175781,158.8800048828125,519.62255859375,42.239990234375,504.0,775.9487792968748,-396.0000488281248,-230.400146484375,-177.33759765624995,-146.87999572753904,283.6799560546874,270.265625
1762752411.968302,-3.75092980460182,0.0010295263467242463,3,2,2,3,0.0,0.0,0.0,0.0,0.0,0.0,0.0,0.0,0.0,0.0,0.0,0.0,0.0,0.0,0.0
1762752412.0809422,-3.9683141008242604,0.0018854928439860663,3,2,2,3,350.8800292968749,-111.36002197265623,298.14404296875,290.4000305175781,158.8800048828125,538.982421875,54.239990234375,532.800048828125,818.5408203124998,-415.1999999999998,-230.400146484375,-185.08161621093745,-161.28000488281248,300.4800048828124,274.1376953125
1762752412.1724095,-4.24369389392925,0.0015300450007391837,3,2,2,3,0.0,0.0,0.0,0.0,0.0,0.0,0.0,0.0,0.0,0.0,0.0,0.0,0.0,0.0,0.0
1762752412.2714999,-4.317297036059915,0.0031757331632359257,3,2,2,3,360.4800048828124,-128.16000976562498,305.887939453125,290.4000305175781,154.08001708984375,531.23828125,63.8399658203125,556.800048828125,865.0046874999998,-429.6001464843748,-240.0,-181.2096069335937,-178.0800079345703,310.0799804687499,285.753662109375
1762752412.376436,-4.5614383777637,0.0025892236463953625,3,2,2,3,372.4800048828124,-140.16000976562498,309.760009765625,302.4000305175781,151.67999267578125,546.7265625,71.0400390625,585.60009765625,892.1086914062498,-434.3999511718748,-240.0,-188.95356445312495,-190.0800079345703,317.2800537109374,293.497802734375
1762752412.4742577,-4.900228480272505,0.003326645139098721,3,2,2,3,382.0801025390624,-147.36002197265623,321.3759765625,309.60004272460935,151.67999267578125,550.59814453125,78.239990234375,597.60009765625,923.0847656249998,-441.6001464843748,-244.800048828125,-192.8255737304687,-197.28000488281248,317.2800537109374,297.36962890625
1762752412.7747533,-5.281348856437592,0.00464694001644593,3,2,2,3,0.0,0.0,0.0,0.0,0.0,0.0,0.0,0.0,0.0,0.0,0.0,0.0,0.0,0.0,0.0
1762752412.8812642,-5.196884718496311,0.00415279980857702,3,2,2,3,396.4800048828124,-178.55997314453123,336.864013671875,309.60004272460935,130.08001708984375,542.8544921875,97.43994140625,638.39990234375,996.6528808593748,-470.3999511718748,-242.400146484375,-196.69758300781245,-230.8800109863281,341.2800537109374,312.857666015625
1762752412.9555435,-5.1993942880814785,0.0045577039731710366,3,2,2,3,401.2800537109374,-171.36002197265623,336.864013671875,314.4000305175781,132.48001098632812,546.7265625,97.43994140625,640.800048828125,992.7808105468748,-470.3999511718748,-244.800048828125,-196.69758300781245,-228.48000183105466,341.2800537109374,305.11376953125
1762752413.0690365,-5.21620206582165,0.00491668319923067,3,2,2,3,396.4800048828124,-176.16000976562498,329.1201171875,312.0000061035156,127.67999267578125,542.8544921875,97.43994140625,640.800048828125,985.0366699218748,-465.6001464843748,-237.60009765625,-188.95356445312495,-226.0800079345703,331.6799560546874,312.857666015625
1762752413.2723944,-4.9170636933454075,0.006845949884864633,3,2,2,3,374.8800292968749,-161.75998535156248,313.632080078125,297.60004272460935,118.08001708984375,515.75048828125,90.239990234375,602.39990234375,923.0847656249998,-429.6001464843748,-228.0,-181.2096069335937,-211.67999877929685,307.6799560546874,308.985595703125
1762752413.5676498,-2.467412144579675,0.007339692992240682,3,2,2,3,307.6800781249999,-123.36002197265623,271.0400390625,249.5999816894531,86.8800048828125,438.310546875,68.6400146484375,492.0,756.5886718749998,-357.6001464843748,-192.0,-138.6175659179687,-161.28000488281248,264.4800048828124,266.393798828125
1762752413.8857822,-1.40196606530615,0.005953382507210948,3,2,2,3,240.4800048828124,-87.36002197265623,216.83203125,199.20001831054685,65.27999877929688,356.99853515625,44.6400146484375,381.60009765625,586.2207519531248,-280.8000976562498,-153.60009765625,-99.8975952148437,-118.07999267578123,216.4800048828124,223.8017578125
1762752414.2744,-1.7144000181875036,0.0035934753457472425,3,2,2,3,259.6800781249999,-94.55997314453123,240.06396484375,213.5999816894531,77.27999877929688,399.59033203125,49.43994140625,410.39990234375,632.6848632812498,-307.1999999999998,-170.400146484375,-107.6416137695312,-125.28000488281248,238.0799804687499,227.673583984375
1762752414.3669972,-1.9989356584265408,0.00424813466692932,3,2,2,3,271.6800781249999,-99.36002197265623,247.80810546875,225.5999816894531,86.8800048828125,415.07861328125,49.43994140625,429.60009765625,667.5327636718748,-319.1999999999998,-177.60009765625,-127.0015991210937,-132.48000183105466,247.6799560546874,235.417724609375
1762752414.477658,-2.3977819196321204,0.003899701639489906,3,2,2,3,278.8800292968749,-99.36002197265623,255.552001953125,225.5999816894531,94.08001708984375,422.822265625,51.8399658203125,441.60009765625,683.0208007812498,-331.1999999999998,-184.800048828125,-123.12958984374995,-134.87999572753904,247.6799560546874,243.16162109375
1762752414.5701785,-2.513960841469915,0.0038152112817718712,3,2,2,3,281.2800537109374,-96.95999755859373,255.552001953125,230.4000305175781,101.27999877929688,438.310546875,44.6400146484375,436.800048828125,686.8928710937498,-336.0000488281248,-184.800048828125,-127.0015991210937,-137.28000488281248,257.2800537109374,243.16162109375
1762752414.6800551,-2.528705810207571,0.002424145780470607,3,2,2,3,286.0801025390624,-96.95999755859373,267.16796875,232.79999389648435,106.08001708984375,446.05419921875,47.0400390625,446.39990234375,694.6367675781248,-338.3999511718748,-192.0,-130.87360839843745,-130.0800079345703,254.8800292968749,243.16162109375
1762752414.7748554,-2.5937647231308105,0.0018185950846461882,3,2,2,3,293.2800537109374,-92.16000976562498,267.16796875,240.0000061035156,113.27999877929688,453.79833984375,44.6400146484375,446.39990234375,702.3806640624998,-348.0000488281248,-196.800048828125,-134.7456176757812,-127.67999877929685,254.8800292968749,247.03369140625
1762752414.8690684,-2.6262823503119446,0.0013628612286787157,3,2,2,3,293.2800537109374,-94.55997314453123,271.0400390625,244.79999389648435,120.48001098632812,465.41455078125,44.6400146484375,453.60009765625,710.1248046874998,-352.8000976562498,-199.199951171875,-142.48957519531245,-132.48000183105466,259.6799560546874,239.289794921875
1762752415.0816104,-2.879400435945538,0.001362658331937227,3,2,2,3,302.8800292968749,-101.75998535156248,271.0400390625,252.0000061035156,125.27999877929688,473.158203125,51.8399658203125,470.39990234375,729.4846679687498,-360.0000488281248,-204.0,-150.23359374999995,-139.67999877929685,269.2800537109374,250.90576171875
1762752415.1676254,-3.114671936637407,0.0015799096256773099,3,2,2,3,312.4800048828124,-104.16000976562498,274.912109375,259.20001831054685,122.8800048828125,480.90234375,54.239990234375,487.199951171875,748.8447753906248,-367.1999999999998,-208.800048828125,-157.97761230468745,-142.0800079345703,271.6799560546874,262.521728515625
1762752415.2787054,-3.245370735920799,0.0015886874024650575,3,2,2,3,317.2800537109374,-108.95999755859373,278.783935546875,261.5999816894531,122.8800048828125,484.7744140625,54.239990234375,492.0,764.3328124999998,-374.3999511718748,-208.800048828125,-154.1056030273437,-151.67999877929685,281.2800537109374,262.521728515625
1762752415.3720355,-3.3461453938969914,0.0022358324236893476,3,2,2,3,319.6800781249999,-113.75998535156248,282.656005859375,261.5999816894531,118.08001708984375,484.7744140625,61.43994140625,499.199951171875,775.9487792968748,-381.6001464843748,-211.199951171875,-150.23359374999995,-161.28000488281248,281.2800537109374,262.521728515625
1762752415.6677139,-3.6272436774940635,0.0018593605868181418,3,2,2,3,331.6800781249999,-120.95999755859373,290.400146484375,273.5999816894531,130.08001708984375,496.390625,66.239990234375,520.800048828125,806.9248535156248,-391.1999999999998,-216.0,-165.7215698242187,-161.28000488281248,290.8800292968749,270.265625
1762752416.182587,-4.1803813047134,0.0001598492294528249,3,2,2,3,348.4800048828124,-142.55997314453123,305.887939453125,278.4000305175781,130.08001708984375,515.75048828125,83.0400390625,556.800048828125,880.4927246093748,-420.0000488281248,-228.0,-173.4655883789062,-182.8800109863281,310.0799804687499,278.009765625
1762752416.2782588,-4.215677644520839,0.0013838777075811867,3,2,2,3,348.4800048828124,-147.36002197265623,317.504150390625,278.4000305175781,122.8800048828125,515.75048828125,87.8399658203125,556.800048828125,895.9807617187498,-427.1999999999998,-228.0,-169.59357910156245,-192.48000183105466,307.6799560546874,281.881591796875
1762752416.3705907,-4.264677033573631,0.0011387643622869465,3,2,2,3,355.6800781249999,-147.36002197265623,309.760009765625,280.79999389648435,122.8800048828125,523.49462890625,87.8399658203125,561.60009765625,907.5967285156248,-432.0000488281248,-232.800048828125,-169.59357910156245,-192.48000183105466,314.8800292968749,274.1376953125
1762752416.4798918,-4.478614228686477,0.0001942838882837833,3,2,2,3,355.6800781249999,-152.16000976562498,305.887939453125,280.79999389648435,122.8800048828125,519.62255859375,90.239990234375,561.60009765625,899.8528320312498,-429.6001464843748,-230.400146484375,-169.59357910156245,-187.67999877929685,314.8800292968749,274.1376953125
1762752416.5741825,-4.265318141258269,0.0012575445708933432,3,2,2,3,355.6800781249999,-152.16000976562498,313.632080078125,280.79999389648435,125.27999877929688,519.62255859375,87.8399658203125,566.39990234375,911.4687988281248,-432.0000488281248,-225.60009765625,-169.59357910156245,-197.28000488281248,319.6799560546874,278.009765625
1762752416.6686943,-4.333947380505972,0.001365544723297172,3,2,2,3,355.6800781249999,-152.16000976562498,313.632080078125,285.60004272460935,125.27999877929688,519.62255859375,87.8399658203125,576.0,911.4687988281248,-427.1999999999998,-230.400146484375,-173.4655883789062,-197.28000488281248,310.0799804687499,274.1376953125
1762752416.778789,-4.335552247507936,0.001490372277713088,3,2,2,3,353.2800537109374,-147.36002197265623,313.632080078125,280.79999389648435,122.8800048828125,511.87841796875,92.6400146484375,566.39990234375,892.1086914062498,-420.0000488281248,-228.0,-165.7215698242187,-194.8800109863281,310.0799804687499,270.265625
1762752416.8731933,-4.1391520668400315,0.002855001533767597,3,2,2,3,355.6800781249999,-152.16000976562498,309.760009765625,283.20001831054685,122.8800048828125,519.62255859375,92.6400146484375,568.800048828125,911.4687988281248,-422.3999511718748,-230.400146484375,-169.59357910156245,-197.28000488281248,312.4800048828124,281.881591796875
1762752417.074745,-4.3633777878666375,0.00014981662303544321,3,2,2,3,360.4800048828124,-161.75998535156248,317.504150390625,280.79999389648435,115.67999267578125,523.49462890625,92.6400146484375,573.60009765625,919.2126953124998,-436.8000976562498,-230.400146484375,-169.59357910156245,-202.0800079345703,314.8800292968749,281.881591796875
1762752417.169317,-4.379038675621939,0.0012371707356472212,3,2,2,3,355.6800781249999,-159.36002197265623,317.504150390625,278.4000305175781,118.08001708984375,519.62255859375,95.0400390625,576.0,923.0847656249998,-434.3999511718748,-230.400146484375,-165.7215698242187,-204.48000183105466,319.6799560546874,281.881591796875
1762752417.2789211,-4.300026421113689,0.001158340641535395,3,2,2,3,355.6800781249999,-154.55997314453123,313.632080078125,278.4000305175781,120.48001098632812,519.62255859375,92.6400146484375,571.199951171875,915.3408691406248,-434.3999511718748,-232.800048828125,-169.59357910156245,-199.67999877929685,314.8800292968749,278.009765625
1762752417.3750296,-4.204446466767191,0.001224353474244249,3,2,2,3,358.0801025390624,-152.16000976562498,313.632080078125,276.0000061035156,118.08001708984375,511.87841796875,95.0400390625,571.199951171875,915.3408691406248,-429.6001464843748,-225.60009765625,-169.59357910156245,-199.67999877929685,310.0799804687499,285.753662109375
1762752417.7773972,-4.335472156141093,0.00179059581249434,3,2,2,3,362.8800292968749,-156.95999755859373,317.504150390625,283.20001831054685,120.48001098632812,519.62255859375,92.6400146484375,571.199951171875,919.2126953124998,-434.3999511718748,-228.0,-177.33759765624995,-199.67999877929685,317.2800537109374,285.753662109375
1762752417.8371582,-4.3417708309844665,0.0022177133182742885,3,2,2,3,355.6800781249999,-149.75998535156248,305.887939453125,283.20001831054685,122.8800048828125,519.62255859375,92.6400146484375,573.60009765625,915.3408691406248,-424.8000976562498,-225.60009765625,-181.2096069335937,-199.67999877929685,314.8800292968749,281.881591796875
1762752417.9468236,-4.2556467646481595,0.0023817730037824615,3,2,2,3,355.6800781249999,-152.16000976562498,309.760009765625,288.0000061035156,120.48001098632812,519.62255859375,95.0400390625,573.60009765625,903.7249023437498,-424.8000976562498,-223.199951171875,-165.7215698242187,-194.8800109863281,317.2800537109374,278.009765625
1762752418.0759532,-4.19830749992862,0.0014891625280078757,3,2,2,3,350.8800292968749,-159.36002197265623,317.504150390625,273.5999816894531,108.48001098632812,508.00634765625,99.8399658203125,571.199951171875,926.9568359374998,-434.3999511718748,-225.60009765625,-161.84956054687495,-204.48000183105466,317.2800537109374,281.881591796875
1762752418.2762933,-4.262275661888575,0.0027258964781660417,3,2,2,3,348.4800048828124,-176.16000976562498,329.1201171875,259.20001831054685,74.8800048828125,484.7744140625,109.43994140625,580.800048828125,950.1887695312498,-439.1999999999998,-220.800048828125,-150.23359374999995,-214.0800079345703,312.4800048828124,278.009765625
1762752418.3711522,-4.132744755888767,0.0036297704978404486,3,2,2,3,358.0801025390624,-183.36002197265623,332.991943359375,256.79999389648435,67.67999267578125,473.158203125,109.43994140625,588.0,954.0608398437498,-448.8000976562498,-228.0,-150.23359374999995,-223.67999877929685,307.6799560546874,297.36962890625
1762752418.4925709,-4.0394053885469114,0.0021933513101767103,3,2,2,3,353.2800537109374,-185.75998535156248,336.864013671875,256.79999389648435,50.8800048828125,457.67041015625,104.6400146484375,590.39990234375,950.1887695312498,-444.0000488281248,-225.60009765625,-142.48957519531245,-226.0800079345703,293.2800537109374,301.24169921875
1762752418.6676958,-3.850059874679867,0.0036585917834095405,3,2,2,3,365.2800537109374,-224.16000976562498,348.47998046875,237.5999816894531,-1.920013427734375,399.59033203125,116.6400146484375,619.199951171875,977.2927734374998,-451.1999999999998,-216.0,-127.0015991210937,-264.4800094604492,278.8800292968749,320.601806640625
1762752418.6947367,-3.91913712233315,0.004749434010504045,3,2,2,3,365.2800537109374,-228.95999755859373,348.47998046875,240.0000061035156,-9.1199951171875,399.59033203125,116.6400146484375,633.60009765625,985.0366699218748,-451.1999999999998,-213.60009765625,-127.0015991210937,-271.6800064086914,276.4800048828124,336.089599609375
1762752418.790858,-3.914446386266099,0.005705351316396146,3,2,2,3,374.8800292968749,-238.56003417968748,363.968017578125,240.0000061035156,-23.519989013671875,380.23046875,116.6400146484375,640.800048828125,996.6528808593748,-448.8000976562498,-211.199951171875,-127.0015991210937,-281.2800048828125,276.4800048828124,332.2177734375
1762752418.9007597,-3.875017296454905,0.008513739494152366,3,2,2,3,384.4800048828124,-248.16000976562498,367.840087890625,249.5999816894531,-25.920013427734375,376.3583984375,114.239990234375,662.39990234375,1019.8848144531248,-463.1999999999998,-211.199951171875,-127.0015991210937,-293.2800048828125,278.8800292968749,351.57763671875
1762752418.9852078,-4.250398604411337,0.007412462383492684,3,2,2,3,391.6800781249999,-224.16000976562498,356.22412109375,254.4000305175781,0.480010986328125,391.84619140625,97.43994140625,650.39990234375,988.9087402343748,-468.0000488281248,-223.199951171875,-142.48957519531245,-271.6800064086914,278.8800292968749,355.44970703125
1762752419.0899653,-3.958490848492377,0.004912996802349662,3,2,2,3,0.0,0.0,0.0,0.0,0.0,0.0,0.0,0.0,0.0,0.0,0.0,0.0,0.0,0.0,0.0
1762752419.1834803,-3.3642772227513102,0.00617935746147763,3,2,2,3,377.2800537109374,-212.16000976562498,356.22412109375,252.0000061035156,0.480010986328125,384.1025390625,87.8399658203125,624.0,934.7007324218748,-446.3999511718748,-218.400146484375,-138.6175659179687,-257.2800048828125,264.4800048828124,343.833740234375
1762752419.3733387,-2.890787544168289,0.007265790293115271,3,2,2,3,334.0801025390624,-173.75998535156248,309.760009765625,232.79999389648435,34.079986572265625,380.23046875,68.6400146484375,542.39990234375,822.4128906249998,-396.0000488281248,-194.400146484375,-130.87360839843745,-204.48000183105466,257.2800537109374,308.985595703125
1762752419.4829206,-2.439421156641102,0.0030945400450753495,3,2,2,3,322.0801025390624,-130.55997314453123,286.528076171875,247.20001831054685,82.08001708984375,411.20654296875,47.0400390625,504.0,748.8447753906248,-362.3999511718748,-182.400146484375,-146.3615844726562,-170.87999572753904,250.0799804687499,289.625732421875
1762752419.5889478,-2.327588381266414,0.004683678836109951,3,2,2,3,331.6800781249999,-120.95999755859373,267.16796875,271.20001831054685,113.27999877929688,442.1826171875,51.8399658203125,506.39990234375,733.3567382812498,-352.8000976562498,-184.800048828125,-157.97761230468745,-163.67999877929685,262.0799804687499,281.881591796875
1762752419.6835206,-2.828862440211551,0.006460003727521613,3,2,2,3,319.6800781249999,-108.95999755859373,267.16796875,271.20001831054685,132.48001098632812,465.41455078125,51.8399658203125,489.60009765625,729.4846679687498,-348.0000488281248,-182.400146484375,-161.84956054687495,-149.28000488281248,271.6799560546874,266.393798828125
1762752419.8723874,-2.8686821543569403,0.00475576866351413,3,2,2,3,326.8800292968749,-106.55997314453123,255.552001953125,297.60004272460935,173.27999877929688,523.49462890625,63.8399658203125,506.39990234375,764.3328124999998,-350.3999511718748,-182.400146484375,-173.4655883789062,-154.0800079345703,298.0799804687499,250.90576171875
1762752419.9800146,-3.7526627798223755,0.007114167603265721,3,2,2,3,324.4800048828124,-108.95999755859373,247.80810546875,295.20001831054685,173.27999877929688,515.75048828125,68.6400146484375,499.199951171875,756.5886718749998,-345.6001464843748,-182.400146484375,-177.33759765624995,-151.67999877929685,295.6799560546874,250.90576171875
1762752420.0779288,-3.517970903006036,0.006276056382857196,3,2,2,3,326.8800292968749,-96.95999755859373,236.192138671875,307.20001831054685,187.68002319335938,527.3662109375,73.43994140625,496.800048828125,748.8447753906248,-338.3999511718748,-175.199951171875,-188.95356445312495,-146.87999572753904,302.8800292968749,231.545654296875
1762752420.1729577,-3.794930845807785,0.007421064672892504,3,2,2,3,324.4800048828124,-94.55997314453123,228.447998046875,307.20001831054685,204.48001098632812,535.1103515625,68.6400146484375,484.800048828125,733.3567382812498,-336.0000488281248,-172.800048828125,-192.8255737304687,-134.87999572753904,302.8800292968749,223.8017578125
1762752420.2832742,-3.7077174190602227,0.006322302848905238,3,2,2,3,322.0801025390624,-99.36002197265623,228.447998046875,316.79999389648435,211.68002319335938,554.47021484375,85.43994140625,499.199951171875,768.2048828124998,-333.6001464843748,-175.199951171875,-192.8255737304687,-139.67999877929685,319.6799560546874,223.8017578125
1762752420.3893604,-4.15582360714419,0.007864758559245625,3,2,2,3,334.0801025390624,-106.55997314453123,232.320068359375,324.0000061035156,211.68002319335938,566.08642578125,97.43994140625,520.800048828125,795.3088867187498,-333.6001464843748,-170.400146484375,-200.5695922851562,-154.0800079345703,329.2800537109374,219.9296875
1762752420.6761465,-4.623211941804224,0.009948242869455223,3,2,2,3,326.8800292968749,-108.95999755859373,228.447998046875,319.20001831054685,214.07998657226562,573.83056640625,102.239990234375,513.60009765625,803.0527832031248,-333.6001464843748,-170.400146484375,-192.8255737304687,-154.0800079345703,338.8800292968749,208.313720703125
1762752420.8769395,-4.274101215724031,0.009621703715003087,3,2,2,3,329.2800537109374,-101.75998535156248,224.575927734375,326.4000305175781,218.88003540039062,562.21435546875,92.6400146484375,508.800048828125,783.6926757812498,-331.1999999999998,-165.60009765625,-192.8255737304687,-144.48000183105466,329.2800537109374,216.0576171875
1762752420.9714503,-4.050502858763217,0.011167354839397155,3,2,2,3,324.4800048828124,-96.95999755859373,224.575927734375,321.60004272460935,221.27999877929688,569.95849609375,90.239990234375,506.39990234375,779.8208496093748,-333.6001464843748,-168.0,-200.5695922851562,-144.48000183105466,334.0799804687499,204.441650390625
1762752421.0793822,-4.128517043321455,0.009804879010701806,3,2,2,3,329.2800537109374,-108.95999755859373,236.192138671875,316.79999389648435,211.68002319335938,577.7021484375,99.8399658203125,511.199951171875,795.3088867187498,-338.3999511718748,-175.199951171875,-196.69758300781245,-154.0800079345703,338.8800292968749,204.441650390625
1762752421.1719027,-4.20432207525422,0.009823259794673994,3,2,2,3,329.2800537109374,-111.36002197265623,232.320068359375,324.0000061035156,211.68002319335938,573.83056640625,104.6400146484375,513.60009765625,814.6687499999998,-338.3999511718748,-170.400146484375,-196.69758300781245,-156.48000183105466,341.2800537109374,219.9296875
1762752421.2829862,-4.308933277214662,0.01167736333333139,3,2,2,3,331.6800781249999,-113.75998535156248,232.320068359375,321.60004272460935,214.07998657226562,573.83056640625,99.8399658203125,516.0,810.7966796874998,-338.3999511718748,-170.400146484375,-196.69758300781245,-156.48000183105466,336.4800048828124,219.9296875
1762752421.3770092,-4.428286778041731,0.012583673591114397,3,2,2,3,329.2800537109374,-113.75998535156248,236.192138671875,326.4000305175781,218.88003540039062,577.7021484375,102.239990234375,523.199951171875,814.6687499999998,-340.8000976562498,-170.400146484375,-200.5695922851562,-154.0800079345703,346.0799804687499,219.9296875
1762752421.4708393,-4.3557748557468745,0.011081951463388515,3,2,2,3,334.0801025390624,-113.75998535156248,232.320068359375,328.79999389648435,230.88003540039062,600.9345703125,111.8399658203125,525.60009765625,837.9006835937498,-350.3999511718748,-177.60009765625,-208.3136108398437,-161.28000488281248,355.6799560546874,212.185791015625
1762752421.579693,-4.952862073622867,0.010124387476603455,3,2,2,3,336.4800048828124,-99.36002197265623,236.192138671875,336.0000061035156,250.07998657226562,608.67822265625,104.6400146484375,518.39990234375,818.5408203124998,-345.6001464843748,-182.400146484375,-219.9295776367187,-144.48000183105466,353.2800537109374,204.441650390625
1762752421.672315,-4.74128368484974,0.008148202486482344,3,2,2,3,334.0801025390624,-104.16000976562498,228.447998046875,333.60004272460935,250.07998657226562,604.80615234375,102.239990234375,513.60009765625,814.6687499999998,-338.3999511718748,-175.199951171875,-212.1855590820312,-149.28000488281248,346.0799804687499,208.313720703125
1762752421.7820892,-4.477839375206336,0.0094936804677583,3,2,2,3,324.4800048828124,-99.36002197265623,224.575927734375,328.79999389648435,240.48001098632812,597.0625,104.6400146484375,513.60009765625,814.6687499999998,-348.0000488281248,-172.800048828125,-204.44160156249995,-149.28000488281248,346.0799804687499,204.441650390625
1762752421.8748085,-4.371503807629016,0.008995155790112862,3,2,2,3,0.0,0.0,0.0,0.0,0.0,0.0,0.0,0.0,0.0,0.0,0.0,0.0,0.0,0.0,0.0
1762752421.9696808,-4.25110165935334,0.009829661509291494,3,2,2,3,322.0801025390624,-113.75998535156248,236.192138671875,314.4000305175781,211.68002319335938,581.57421875,104.6400146484375,513.60009765625,826.2847167968748,-345.6001464843748,-170.400146484375,-188.95356445312495,-154.0800079345703,346.0799804687499,208.313720703125
1762752422.0803704,-4.060038331495777,0.008170162932394663,3,2,2,3,319.6800781249999,-118.55997314453123,243.93603515625,302.4000305175781,190.07998657226562,573.83056640625,104.6400146484375,516.0,834.0288574218748,-343.1999999999998,-175.199951171875,-177.33759765624995,-158.87999572753904,341.2800537109374,212.185791015625
1762752422.1753569,-3.9802482472833334,0.007942333990846907,3,2,2,3,322.0801025390624,-125.75998535156248,259.424072265625,304.79999389648435,173.27999877929688,546.7265625,99.8399658203125,518.39990234375,818.5408203124998,-348.0000488281248,-170.400146484375,-169.59357910156245,-156.48000183105466,326.8800292968749,227.673583984375
1762752422.379487,-3.328898472818194,0.01068346812140749,3,2,2,3,322.0801025390624,-128.16000976562498,255.552001953125,290.4000305175781,142.08001708984375,508.00634765625,95.0400390625,513.60009765625,806.9248535156248,-343.1999999999998,-163.199951171875,-157.97761230468745,-166.0800079345703,307.6799560546874,247.03369140625
1762752422.5828416,-3.551691590514858,0.012471571132302179,3,2,2,3,326.8800292968749,-142.55997314453123,271.0400390625,285.60004272460935,113.27999877929688,488.646484375,99.8399658203125,532.800048828125,826.2847167968748,-350.3999511718748,-165.60009765625,-150.23359374999995,-185.28000488281248,300.4800048828124,262.521728515625
1762752422.6778045,-3.437424021235938,0.01189431362773619,3,2,2,3,334.0801025390624,-152.16000976562498,271.0400390625,285.60004272460935,98.8800048828125,473.158203125,104.6400146484375,544.800048828125,841.7727539062498,-352.8000976562498,-160.800048828125,-142.48957519531245,-197.28000488281248,298.0799804687499,270.265625
1762752422.7737756,-3.493623539605646,0.012839899974770306,3,2,2,3,341.2800537109374,-156.95999755859373,286.528076171875,283.20001831054685,94.08001708984375,473.158203125,99.8399658203125,556.800048828125,857.2607910156248,-357.6001464843748,-163.199951171875,-150.23359374999995,-197.28000488281248,300.4800048828124,278.009765625
1762752422.8473547,-3.4745105065773627,0.01341029770547593,3,2,2,3,346.0801025390624,-164.16000976562498,286.528076171875,285.60004272460935,86.8800048828125,461.54248046875,102.239990234375,564.0,865.0046874999998,-364.8000976562498,-168.0,-146.3615844726562,-209.28000488281248,300.4800048828124,293.497802734375
1762752422.9788265,-3.6265775682789236,0.01353920286736265,3,2,2,3,350.8800292968749,-176.16000976562498,298.14404296875,290.4000305175781,79.67999267578125,461.54248046875,104.6400146484375,576.0,868.8767578124998,-367.1999999999998,-170.400146484375,-150.23359374999995,-211.67999877929685,302.8800292968749,293.497802734375
1762752423.036389,-3.626115821970429,0.012896187637366071,3,2,2,3,350.8800292968749,-168.95999755859373,294.27197265625,285.60004272460935,82.08001708984375,461.54248046875,104.6400146484375,580.800048828125,872.7488281249998,-374.3999511718748,-168.0,-154.1056030273437,-216.48000183105466,300.4800048828124,297.36962890625
1762752423.1818433,-3.631334480398475,0.012746460854829436,3,2,2,3,353.2800537109374,-173.75998535156248,294.27197265625,285.60004272460935,67.67999267578125,453.79833984375,99.8399658203125,571.199951171875,857.2607910156248,-367.1999999999998,-168.0,-138.6175659179687,-218.8800109863281,293.2800537109374,308.985595703125
1762752423.239964,-3.548819797954585,0.013152864202786708,3,2,2,3,350.8800292968749,-166.55997314453123,302.01611328125,278.4000305175781,72.48001098632812,442.1826171875,87.8399658203125,573.60009765625,857.2607910156248,-362.3999511718748,-165.60009765625,-134.7456176757812,-214.0800079345703,288.4800048828124,305.11376953125
1762752423.349053,-3.4376780513583847,0.012492915194648482,3,2,2,3,353.2800537109374,-176.16000976562498,294.27197265625,280.79999389648435,55.67999267578125,430.56640625,95.0400390625,585.60009765625,865.0046874999998,-364.8000976562498,-170.400146484375,-142.48957519531245,-221.28000488281248,286.0799804687499,305.11376953125
1762752423.4744503,-3.5700662029573182,0.0129186337790277,3,2,2,3,365.2800537109374,-188.16000976562498,302.01611328125,283.20001831054685,53.279998779296875,434.4384765625,97.43994140625,602.39990234375,899.8528320312498,-384.0000488281248,-168.0,-142.48957519531245,-238.0800079345703,290.8800292968749,320.601806640625
1762752423.5693924,-3.7879189654170484,0.013153340579339921,3,2,2,3,367.6800781249999,-195.36002197265623,317.504150390625,285.60004272460935,50.8800048828125,442.1826171875,102.239990234375,609.60009765625,911.4687988281248,-388.8000976562498,-177.60009765625,-146.3615844726562,-235.67999877929685,295.6799560546874,320.601806640625
1762752423.680423,-3.869300339977704,0.011595205041951242,3,2,2,3,382.0801025390624,-195.36002197265623,313.632080078125,288.0000061035156,60.480010986328125,449.92626953125,107.0400390625,624.0,930.8286621093748,-403.1999999999998,-184.800048828125,-150.23359374999995,-240.48000183105466,302.8800292968749,324.4736328125
1762752423.772434,-4.265910385305477,0.010663245257644305,3,2,2,3,379.6800781249999,-200.16000976562498,329.1201171875,295.20001831054685,55.67999267578125,457.67041015625,107.0400390625,628.800048828125,954.0608398437498,-420.0000488281248,-184.800048828125,-154.1056030273437,-247.68000640869138,305.2800537109374,332.2177734375
1762752423.8814423,-4.19233184569211,0.010017351142637103,3,2,2,3,379.6800781249999,-202.55997314453123,332.991943359375,290.4000305175781,60.480010986328125,469.28662109375,102.239990234375,626.39990234375,961.8047363281248,-432.0000488281248,-201.60009765625,-150.23359374999995,-242.8800109863281,310.0799804687499,324.4736328125
1762752423.9429815,-4.207398098127044,0.00995480673290287,3,2,2,3,386.8800292968749,-204.95999755859373,332.991943359375,292.79999389648435,70.08001708984375,473.158203125,99.8399658203125,636.0,977.2927734374998,-434.3999511718748,-208.800048828125,-161.84956054687495,-250.0800079345703,314.8800292968749,324.4736328125
1762752424.0704355,-4.594543087365648,0.005596922822586993,3,2,2,3,403.6800781249999,-204.95999755859373,348.47998046875,307.20001831054685,86.8800048828125,496.390625,104.6400146484375,657.60009765625,1008.2688476562498,-456.0000488281248,-213.60009765625,-177.33759765624995,-254.88000335693357,326.8800292968749,332.2177734375
1762752424.179309,-5.030099733984237,0.0047620386037934385,3,2,2,3,413.2800537109374,-216.95999755859373,352.35205078125,312.0000061035156,91.67999267578125,504.13427734375,109.43994140625,676.800048828125,1039.2446777343748,-468.0000488281248,-220.800048828125,-188.95356445312495,-266.88000335693357,334.0799804687499,343.833740234375
1762752424.276979,-5.266409321174613,0.005534030857208215,3,2,2,3,420.4800048828124,-224.16000976562498,356.22412109375,314.4000305175781,86.8800048828125,504.13427734375,114.239990234375,691.199951171875,1054.7327148437498,-472.8000976562498,-220.800048828125,-185.08161621093745,-271.6800064086914,334.0799804687499,347.705810546875
1762752424.368954,-5.338026536137355,0.007131574034562418,3,2,2,3,413.2800537109374,-209.75998535156248,336.864013671875,312.0000061035156,77.27999877929688,484.7744140625,107.0400390625,676.800048828125,1016.0127441406248,-456.0000488281248,-211.199951171875,-177.33759765624995,-266.88000335693357,324.4800048828124,347.705810546875
1762752424.4795063,-4.52695476983104,0.008087933190745872,3,2,2,3,394.0801025390624,-195.36002197265623,321.3759765625,297.60004272460935,72.48001098632812,461.54248046875,99.8399658203125,636.0,942.4448730468748,-417.6001464843748,-194.400146484375,-165.7215698242187,-242.8800109863281,300.4800048828124,339.961669921875
1762752424.5727615,-3.8606183344570004,0.008476965024651997,3,2,2,3,394.0801025390624,-192.95999755859373,325.248046875,304.79999389648435,74.8800048828125,473.158203125,99.8399658203125,636.0,938.5728027343748,-422.3999511718748,-199.199951171875,-173.4655883789062,-245.28000488281248,307.6799560546874,336.089599609375
1762752424.8816545,-4.730974942265757,0.00481119822780223,3,2,2,3,410.8800292968749,-207.36002197265623,344.608154296875,316.79999389648435,91.67999267578125,492.5185546875,102.239990234375,669.60009765625,1016.0127441406248,-463.1999999999998,-223.199951171875,-188.95356445312495,-264.4800094604492,326.8800292968749,336.089599609375
1762752424.9748166,-4.948541683995716,0.005291902153431165,3,2,2,3,0.0,0.0,0.0,0.0,0.0,0.0,0.0,0.0,0.0,0.0,0.0,0.0,0.0,0.0,0.0
1762752425.0819702,-5.0477984763226775,0.005740921288123242,3,2,2,3,0.0,0.0,0.0,0.0,0.0,0.0,0.0,0.0,0.0,0.0,0.0,0.0,0.0,0.0,0.0
1762752425.1740096,-5.284658182023178,0.005641376490178336,3,2,2,3,432.4800048828124,-228.95999755859373,348.47998046875,326.4000305175781,91.67999267578125,515.75048828125,116.6400146484375,700.800048828125,1062.4768554687498,-480.0000488281248,-223.199951171875,-200.5695922851562,-278.8800109863281,338.8800292968749,359.32177734375
1762752425.3770022,-5.1633196563567285,0.0056015643822672646,3,2,2,3,410.8800292968749,-209.75998535156248,344.608154296875,309.60004272460935,94.08001708984375,492.5185546875,109.43994140625,674.39990234375,1004.3967773437498,-460.8000976562498,-218.400146484375,-188.95356445312495,-259.6800064086914,329.2800537109374,343.833740234375
1762752425.4722533,-4.3962023052043735,0.004806446424214279,3,2,2,3,403.6800781249999,-197.75998535156248,332.991943359375,304.79999389648435,84.48001098632812,480.90234375,97.43994140625,645.60009765625,965.6768066406248,-441.6001464843748,-213.60009765625,-177.33759765624995,-250.0800079345703,314.8800292968749,332.2177734375
1762752425.5822065,-3.9522438750607085,0.00467696969830436,3,2,2,3,391.6800781249999,-188.16000976562498,321.3759765625,302.4000305175781,79.67999267578125,477.0302734375,95.0400390625,631.199951171875,938.5728027343748,-429.6001464843748,-208.800048828125,-169.59357910156245,-245.28000488281248,310.0799804687499,332.2177734375
1762752425.6766896,-3.802461051344284,0.005721485708011431,3,2,2,3,394.0801025390624,-195.36002197265623,332.991943359375,297.60004272460935,74.8800048828125,469.28662109375,92.6400146484375,636.0,950.1887695312498,-436.8000976562498,-206.400146484375,-169.59357910156245,-235.67999877929685,300.4800048828124,328.345703125
1762752426.0701559,-4.222550057998342,0.005030083143001448,3,2,2,3,394.0801025390624,-195.36002197265623,332.991943359375,300.0000061035156,77.27999877929688,473.158203125,95.0400390625,643.199951171875,950.1887695312498,-436.8000976562498,-213.60009765625,-173.4655883789062,-242.8800109863281,307.6799560546874,343.833740234375
1762752426.1799226,-3.9700573204551546,0.0056220857622372115,3,2,2,3,391.6800781249999,-195.36002197265623,321.3759765625,295.20001831054685,77.27999877929688,469.28662109375,90.239990234375,636.0,942.4448730468748,-432.0000488281248,-208.800048828125,-173.4655883789062,-235.67999877929685,305.2800537109374,339.961669921875
1762752426.5700192,-4.022839889313924,0.005262440085623688,3,2,2,3,391.6800781249999,-192.95999755859373,336.864013671875,295.20001831054685,72.48001098632812,449.92626953125,90.239990234375,624.0,934.7007324218748,-436.8000976562498,-206.400146484375,-169.59357910156245,-242.8800109863281,300.4800048828124,336.089599609375
1762752426.7743483,-3.874583455067726,0.005451952467672659,3,2,2,3,389.2800537109374,-192.95999755859373,332.991943359375,288.0000061035156,74.8800048828125,461.54248046875,92.6400146484375,631.199951171875,938.5728027343748,-434.3999511718748,-208.800048828125,-169.59357910156245,-242.8800109863281,300.4800048828124,336.089599609375
1762752426.8804295,-3.8703713642815414,0.0054843183653136025,3,2,2,3,386.8800292968749,-188.16000976562498,329.1201171875,295.20001831054685,70.08001708984375,461.54248046875,92.6400146484375,626.39990234375,934.7007324218748,-427.1999999999998,-206.400146484375,-169.59357910156245,-240.48000183105466,300.4800048828124,336.089599609375
1762752427.071265,-3.736981912239532,0.004559262438733986,3,2,2,3,386.8800292968749,-183.36002197265623,329.1201171875,283.20001831054685,67.67999267578125,446.05419921875,85.43994140625,614.39990234375,915.3408691406248,-424.8000976562498,-201.60009765625,-161.84956054687495,-235.67999877929685,293.2800537109374,332.2177734375
1762752427.1821244,-3.53779675780552,0.005325265466381169,3,2,2,3,374.8800292968749,-185.75998535156248,321.3759765625,280.79999389648435,60.480010986328125,438.310546875,87.8399658203125,612.0,907.5967285156248,-417.6001464843748,-196.800048828125,-154.1056030273437,-233.28000488281248,288.4800048828124,328.345703125
1762752427.2722762,-3.6025884887128203,0.005196282244479666,3,2,2,3,377.2800537109374,-183.36002197265623,317.504150390625,280.79999389648435,70.08001708984375,438.310546875,80.6400146484375,600.0,899.8528320312498,-417.6001464843748,-201.60009765625,-161.84956054687495,-221.28000488281248,290.8800292968749,328.345703125
1762752427.3692725,-3.319031968251813,0.00399131217264739,3,2,2,3,374.8800292968749,-180.95999755859373,309.760009765625,280.79999389648435,62.8800048828125,442.1826171875,80.6400146484375,602.39990234375,895.9807617187498,-415.1999999999998,-201.60009765625,-157.97761230468745,-223.67999877929685,286.0799804687499,324.4736328125
1762752427.4791946,-3.4005664673783933,0.003853054475813275,3,2,2,3,372.4800048828124,-178.55997314453123,325.248046875,278.4000305175781,65.27999877929688,438.310546875,83.0400390625,597.60009765625,880.4927246093748,-412.8000976562498,-199.199951171875,-154.1056030273437,-228.48000183105466,283.6799560546874,324.4736328125
1762752427.574716,-3.302053047488757,0.004826857516752428,3,2,2,3,0.0,0.0,0.0,0.0,0.0,0.0,0.0,0.0,0.0,0.0,0.0,0.0,0.0,0.0,0.0
1762752427.6707866,-3.434667845136329,0.004372806043939178,3,2,2,3,0.0,0.0,0.0,0.0,0.0,0.0,0.0,0.0,0.0,0.0,0.0,0.0,0.0,0.0,0.0
1762752427.9679158,-3.420842530335371,0.004340727986344836,3,2,2,3,372.4800048828124,-178.55997314453123,317.504150390625,280.79999389648435,62.8800048828125,438.310546875,85.43994140625,602.39990234375,888.2368652343748,-417.6001464843748,-199.199951171875,-161.84956054687495,-228.48000183105466,283.6799560546874,328.345703125
1762752428.1728332,-3.5367735278340002,0.005001002720434149,3,2,2,3,370.0801025390624,-178.55997314453123,321.3759765625,280.79999389648435,62.8800048828125,438.310546875,85.43994140625,597.60009765625,899.8528320312498,-420.0000488281248,-201.60009765625,-157.97761230468745,-226.0800079345703,288.4800048828124,324.4736328125
1762752428.281907,-3.4854098874307504,0.004564904003563511,3,2,2,3,0.0,0.0,0.0,0.0,0.0,0.0,0.0,0.0,0.0,0.0,0.0,0.0,0.0,0.0,0.0
1762752428.471508,-3.43581535943666,0.004446955164182611,3,2,2,3,367.6800781249999,-178.55997314453123,313.632080078125,276.0000061035156,62.8800048828125,434.4384765625,83.0400390625,595.199951171875,884.3647949218748,-415.1999999999998,-199.199951171875,-150.23359374999995,-221.28000488281248,278.8800292968749,320.601806640625
1762752428.8802774,-3.4001524128151974,0.004001366272092982,3,2,2,3,370.0801025390624,-173.75998535156248,317.504150390625,276.0000061035156,67.67999267578125,434.4384765625,83.0400390625,592.800048828125,872.7488281249998,-408.0000488281248,-196.800048828125,-150.23359374999995,-221.28000488281248,281.2800537109374,324.4736328125
1762752428.9755697,-3.286862341573503,0.004708470123734619,3,2,2,3,362.8800292968749,-173.75998535156248,313.632080078125,273.5999816894531,60.480010986328125,430.56640625,78.239990234375,590.39990234375,872.7488281249998,-403.1999999999998,-196.800048828125,-150.23359374999995,-218.8800109863281,283.6799560546874,328.345703125
1762752429.0957294,-3.220905966987327,0.00505943682315412,3,2,2,3,367.6800781249999,-176.16000976562498,313.632080078125,276.0000061035156,65.27999877929688,438.310546875,83.0400390625,588.0,880.4927246093748,-405.6001464843748,-199.199951171875,-154.1056030273437,-221.28000488281248,286.0799804687499,324.4736328125
1762752429.2695894,-3.58375555660145,0.00482931978724984,3,2,2,3,372.4800048828124,-188.16000976562498,321.3759765625,278.4000305175781,60.480010986328125,438.310546875,87.8399658203125,600.0,895.9807617187498,-417.6001464843748,-204.0,-154.1056030273437,-230.8800109863281,286.0799804687499,324.4736328125
1762752429.394787,-3.530549425558302,0.0036656372075720136,3,2,2,3,370.0801025390624,-183.36002197265623,325.248046875,278.4000305175781,62.8800048828125,442.1826171875,87.8399658203125,604.800048828125,907.5967285156248,-420.0000488281248,-199.199951171875,-154.1056030273437,-230.8800109863281,286.0799804687499,332.2177734375
1762752429.5009193,-3.5466850397375786,0.004668736395557371,3,2,2,3,370.0801025390624,-185.75998535156248,321.3759765625,271.20001831054685,53.279998779296875,434.4384765625,80.6400146484375,595.199951171875,903.7249023437498,-415.1999999999998,-199.199951171875,-150.23359374999995,-223.67999877929685,281.2800537109374,316.729736328125
1762752429.5824294,-3.518245216354531,0.005520937719694738,3,2,2,3,0.0,0.0,0.0,0.0,0.0,0.0,0.0,0.0,0.0,0.0,0.0,0.0,0.0,0.0,0.0
1762752429.6877186,-3.3021245273713182,0.004324254466784698,3,2,2,3,365.2800537109374,-180.95999755859373,313.632080078125,266.4000305175781,50.8800048828125,422.822265625,83.0400390625,588.0,865.0046874999998,-405.6001464843748,-194.400146484375,-146.3615844726562,-223.67999877929685,276.4800048828124,324.4736328125
1762752430.176252,-2.822746129867282,0.003974306791064005,3,2,2,3,326.8800292968749,-154.55997314453123,290.400146484375,247.20001831054685,43.67999267578125,387.974609375,66.239990234375,528.0,783.6926757812498,-367.1999999999998,-187.199951171875,-134.7456176757812,-194.8800109863281,257.2800537109374,293.497802734375
1762752430.3808482,-1.2693507649782054,0.0035114362362347784,3,2,2,3,271.6800781249999,-118.55997314453123,259.424072265625,201.5999816894531,38.8800048828125,337.63818359375,44.6400146484375,429.60009765625,632.6848632812498,-307.1999999999998,-156.0,-107.6416137695312,-154.0800079345703,206.8800292968749,258.649658203125
1762752430.4837446,-1.1399248328451816,0.003054241670424086,3,2,2,3,264.4800048828124,-118.55997314453123,243.93603515625,194.4000305175781,36.480010986328125,326.0224609375,42.239990234375,417.60009765625,624.9407226562498,-292.8000976562498,-146.400146484375,-99.8975952148437,-151.67999877929685,204.4800048828124,250.90576171875
1762752430.5922089,-1.2848821011800193,0.0038474613464305955,3,2,2,3,269.2800537109374,-128.16000976562498,247.80810546875,199.20001831054685,31.67999267578125,329.89453125,42.239990234375,434.39990234375,652.0447265624998,-314.3999511718748,-151.199951171875,-107.6416137695312,-158.87999572753904,216.4800048828124,262.521728515625
1762752430.7018523,-1.6734784815133597,0.0041962809074367925,3,2,2,3,298.0801025390624,-135.36002197265623,274.912109375,218.4000305175781,41.279998779296875,356.99853515625,49.43994140625,475.199951171875,713.9968749999998,-345.6001464843748,-168.0,-119.2575805664062,-175.67999877929685,226.0799804687499,270.265625
1762752430.8751514,-2.5121798276541507,0.003771996387579576,3,2,2,3,317.2800537109374,-149.75998535156248,282.656005859375,232.79999389648435,48.480010986328125,380.23046875,54.239990234375,504.0,752.7168457031248,-364.8000976562498,-180.0,-130.87360839843745,-182.8800109863281,242.8800292968749,293.497802734375
1762752430.8896608,-2.476634906388506,0.0041574299607860295,3,2,2,3,317.2800537109374,-147.36002197265623,286.528076171875,232.79999389648435,48.480010986328125,376.3583984375,56.6400146484375,501.60009765625,752.7168457031248,-367.1999999999998,-182.400146484375,-138.6175659179687,-187.67999877929685,242.8800292968749,289.625732421875
1762752431.0841124,-2.7473880397924124,0.004656602977962765,3,2,2,3,334.0801025390624,-149.75998535156248,290.400146484375,252.0000061035156,58.08001708984375,399.59033203125,56.6400146484375,525.60009765625,775.9487792968748,-376.8000976562498,-187.199951171875,-146.3615844726562,-192.48000183105466,247.6799560546874,308.985595703125
1762752431.2675407,-2.9950237832789752,0.0044057705904260724,3,2,2,3,348.4800048828124,-154.55997314453123,294.27197265625,259.20001831054685,67.67999267578125,411.20654296875,59.0400390625,544.800048828125,783.6926757812498,-379.1999999999998,-187.199951171875,-154.1056030273437,-199.67999877929685,257.2800537109374,308.985595703125
1762752431.3796709,-2.959407464201857,0.00446934361946244,3,2,2,3,350.8800292968749,-152.16000976562498,298.14404296875,261.5999816894531,70.08001708984375,418.9501953125,59.0400390625,547.199951171875,799.1807128906248,-384.0000488281248,-184.800048828125,-150.23359374999995,-192.48000183105466,262.0799804687499,312.857666015625
1762752431.4843972,-3.171888443699657,0.0034338993588685332,3,2,2,3,362.8800292968749,-159.36002197265623,305.887939453125,278.4000305175781,77.27999877929688,426.6943359375,71.0400390625,573.60009765625,837.9006835937498,-403.1999999999998,-199.199951171875,-165.7215698242187,-206.8800109863281,269.2800537109374,320.601806640625
1762752431.5813966,-3.2890516922688917,0.004067018306038292,3,2,2,3,365.2800537109374,-154.55997314453123,309.760009765625,278.4000305175781,82.08001708984375,426.6943359375,71.0400390625,571.199951171875,834.0288574218748,-400.8000976562498,-199.199951171875,-165.7215698242187,-209.28000488281248,271.6799560546874,316.729736328125
1762752431.6725373,-3.4745273809591026,0.002692872107839518,3,2,2,3,358.0801025390624,-164.16000976562498,305.887939453125,268.79999389648435,60.480010986328125,411.20654296875,71.0400390625,564.0,822.4128906249998,-391.1999999999998,-192.0,-154.1056030273437,-206.8800109863281,262.0799804687499,320.601806640625
1762752431.7819715,-3.090843873651423,0.005131719867594366,3,2,2,3,326.8800292968749,-132.95999755859373,267.16796875,254.4000305175781,74.8800048828125,395.71826171875,51.8399658203125,508.800048828125,729.4846679687498,-348.0000488281248,-175.199951171875,-150.23359374999995,-175.67999877929685,240.4800048828124,293.497802734375
1762752431.8750794,-2.105733132422514,0.003247120731191283,3,2,2,3,262.0801025390624,-106.55997314453123,232.320068359375,204.0000061035156,48.480010986328125,326.0224609375,39.8399658203125,400.800048828125,590.0928222656248,-278.3999511718748,-139.199951171875,-107.6416137695312,-134.87999572753904,206.8800292968749,239.289794921875
1762752431.9846487,-0.6136334819232239,0.004154261917828509,3,2,2,3,158.8800292968749,-70.55997314453123,162.6240234375,127.20001831054685,24.480010986328125,209.8623046875,27.8399658203125,247.199951171875,377.1328613281248,-180.00004882812482,-86.400146484375,-57.305615234374955,-86.8800109863281,139.6799560546874,157.977783203125
1762752432.1684937,0.44429910523993354,0.0021145192755267017,3,2,2,3,134.8800292968749,-63.36002197265623,139.39208984375,108.0000061035156,19.67999267578125,186.63037109375,23.0400390625,213.60009765625,334.5408203124998,-158.39995117187482,-74.400146484375,-49.561596679687455,-72.4799865722656,125.28005371093741,130.873779296875
1762752432.277082,0.4953958195425071,0.00376802951688787,3,2,2,3,127.68007812499991,-56.16000976562498,131.64794921875,100.79999389648435,24.480010986328125,186.63037109375,18.239990234375,204.0,315.1807128906248,-151.19999999999982,-74.400146484375,-41.817578124999955,-70.07999267578123,122.88002929687491,127.001708984375
1762752432.3841286,0.5451734455791931,0.0027172819346282704,3,2,2,3,0.0,0.0,0.0,0.0,0.0,0.0,0.0,0.0,0.0,0.0,0.0,0.0,0.0,0.0,0.0
1762752432.4832454,0.5504544903258941,0.0028308662884979387,3,2,2,3,120.48000488281241,-56.16000976562498,123.904052734375,93.5999816894531,24.480010986328125,171.142333984375,20.6400146484375,189.60009765625,284.2048828124998,-132.00004882812482,-67.199951171875,-41.817578124999955,-62.8800109863281,110.88002929687491,111.513671875
1762752432.577178,0.4966176612991048,0.0031451867641723776,3,2,2,3,115.68007812499991,-51.36002197265623,112.2880859375,91.20001831054685,19.67999267578125,178.886474609375,15.8399658203125,177.60009765625,291.9487792968748,-134.39995117187482,-67.199951171875,-34.073559570312455,-60.4799865722656,110.88002929687491,115.3857421875
1762752432.6822298,0.52917940153386,0.0027263471153417835,3,2,2,3,110.88002929687491,-51.36002197265623,112.2880859375,88.79999389648435,24.480010986328125,163.3984375,15.8399658203125,172.800048828125,280.3328124999998,-127.19999999999982,-62.400146484375,-41.817578124999955,-60.4799865722656,106.07998046874991,111.513671875
1762752432.7824972,0.4655919743728498,0.0028252506111017647,3,2,2,3,110.88002929687491,-48.95999755859373,112.2880859375,88.79999389648435,22.079986572265625,159.5263671875,18.239990234375,175.199951171875,280.3328124999998,-127.19999999999982,-62.400146484375,-34.073559570312455,-58.07999267578123,108.48000488281241,111.513671875
1762752432.8746214,0.4974516174572965,0.003497050256149958,3,2,2,3,103.68007812499991,-48.95999755859373,112.2880859375,86.4000305175781,22.079986572265625,155.654296875,15.8399658203125,168.0,268.7168457031248,-122.39995117187482,-60.0,-34.073559570312455,-58.07999267578123,106.07998046874991,103.769775390625
1762752432.9682474,0.48097602479871054,0.0034097258557125283,3,2,2,3,101.28005371093741,-46.55997314453123,112.2880859375,84.0000061035156,22.079986572265625,151.782470703125,18.239990234375,160.800048828125,264.8447753906248,-127.19999999999982,-60.0,-34.073559570312455,-53.28000488281248,98.88002929687491,99.897705078125
1762752433.0763643,0.5495431220938802,0.0031766688809705098,3,2,2,3,103.68007812499991,-44.16000976562498,108.416015625,84.0000061035156,22.079986572265625,155.654296875,20.6400146484375,158.39990234375,260.9727050781248,-122.39995117187482,-57.60009765625,-30.201611328124955,-58.07999267578123,103.67995605468741,103.769775390625
1762752433.1711495,0.5633093810044911,0.0028705615641709814,3,2,2,3,96.48000488281241,-48.95999755859373,104.5439453125,81.5999816894531,19.67999267578125,147.910400390625,13.43994140625,156.0,253.22880859374982,-115.19999999999982,-57.60009765625,-34.073559570312455,-48.4799865722656,103.67995605468741,99.897705078125
1762752433.2822595,0.5478319964679993,0.0034963957394280555,3,2,2,3,94.07998046874991,-44.16000976562498,104.5439453125,81.5999816894531,14.8800048828125,155.654296875,15.8399658203125,148.800048828125,249.35673828124982,-112.80009765624982,-55.199951171875,-34.073559570312455,-50.8800109863281,98.88002929687491,99.897705078125
1762752433.5771694,0.4467743969932505,0.0031939537853529,3,2,2,3,89.28005371093741,-44.16000976562498,96.800048828125,76.79999389648435,17.279998779296875,147.910400390625,18.239990234375,146.39990234375,245.48466796874982,-110.39995117187482,-48.0,-22.457592773437455,-55.67999877929685,98.88002929687491,88.28173828125
1762752433.6697633,0.3501427688500045,0.003420715694592429,3,2,2,3,86.88002929687491,-46.55997314453123,96.800048828125,72.0000061035156,14.8800048828125,136.29443359375,13.43994140625,144.0,237.74077148437482,-112.80009765624982,-52.800048828125,-22.457592773437455,-55.67999877929685,98.88002929687491,88.28173828125
1762752433.77878,0.2805998900402562,0.003347907623235241,3,2,2,3,84.48000488281241,-39.36002197265623,100.672119140625,74.4000305175781,14.8800048828125,151.782470703125,15.8399658203125,141.60009765625,233.86870117187482,-108.00004882812482,-50.400146484375,-34.073559570312455,-50.8800109863281,91.67995605468741,92.15380859375
1762752433.8714178,0.33283786083795186,0.0038461326468254235,3,2,2,3,86.88002929687491,-39.36002197265623,96.800048828125,72.0000061035156,19.67999267578125,140.16650390625,8.6400146484375,141.60009765625,237.74077148437482,-103.19999999999982,-45.60009765625,-22.457592773437455,-46.07999267578123,94.07998046874991,96.025634765625
1762752434.168205,0.14538736606122876,0.0037466869755190804,3,2,2,3,82.07998046874991,-41.75998535156248,92.927978515625,69.5999816894531,12.480010986328125,136.29443359375,11.0400390625,129.60009765625,229.99687499999982,-103.19999999999982,-48.0,-26.329602050781205,-46.07999267578123,91.67995605468741,84.40966796875
1762752434.671404,0.20889355894159953,0.0033598788452417826,3,2,2,3,77.28005371093741,-39.36002197265623,85.18408203125,60.0000061035156,17.279998779296875,132.42236328125,13.43994140625,124.800048828125,210.63676757812482,-93.60014648437482,-43.199951171875,-22.457592773437455,-43.67999877929685,84.48000488281241,76.665771484375
1762752434.78121,0.28252382718976005,0.0032525664512298665,3,2,2,3,74.88002929687491,-41.75998535156248,89.05615234375,64.79999389648435,14.8800048828125,132.42236328125,11.0400390625,127.199951171875,218.38066406249982,-96.00004882812482,-45.60009765625,-26.329602050781205,-43.67999877929685,86.88002929687491,80.53759765625
1762752435.082301,0.3181918973710805,0.0033915264830147633,3,2,2,3,74.88002929687491,-39.36002197265623,85.18408203125,62.4000305175781,22.079986572265625,124.678466796875,13.43994140625,122.39990234375,206.76469726562482,-91.19999999999982,-45.60009765625,-22.457592773437455,-46.07999267578123,86.88002929687491,80.53759765625
1762752435.2691917,0.2668067241511286,0.0030145946032422545,3,2,2,3,72.48000488281241,-36.95999755859373,85.18408203125,60.0000061035156,14.8800048828125,120.806396484375,15.8399658203125,115.199951171875,206.76469726562482,-91.19999999999982,-40.800048828125,-14.713574218749955,-43.67999877929685,84.48000488281241,72.793701171875
1762752435.4725099,0.38475998020341406,0.0026222498125914933,3,2,2,3,72.48000488281241,-39.36002197265623,85.18408203125,60.0000061035156,17.279998779296875,128.55029296875,11.0400390625,117.60009765625,210.63676757812482,-91.19999999999982,-45.60009765625,-18.585583496093705,-38.8800109863281,86.88002929687491,72.793701171875
1762752435.5796328,0.37179858419534206,0.0029386530678855815,3,2,2,3,72.48000488281241,-39.36002197265623,89.05615234375,60.0000061035156,17.279998779296875,116.934326171875,6.239990234375,115.199951171875,206.76469726562482,-93.60014648437482,-36.0,-22.457592773437455,-38.8800109863281,77.28005371093741,72.793701171875
1762752435.675966,0.318108879652389,0.0033181360285786275,3,2,2,3,72.48000488281241,-32.16000976562498,81.31201171875,55.20001831054685,10.079986572265625,116.934326171875,15.8399658203125,115.199951171875,199.02080078124982,-88.80009765624982,-38.400146484375,-18.585583496093705,-41.28000488281248,82.07998046874991,76.665771484375
1762752435.7725184,0.300060760899869,0.0025625714504791367,3,2,2,3,70.07998046874991,-39.36002197265623,89.05615234375,60.0000061035156,12.480010986328125,124.678466796875,13.43994140625,117.60009765625,202.89287109374982,-88.80009765624982,-38.400146484375,-18.585583496093705,-38.8800109863281,82.07998046874991,68.921630859375
1762752435.9736903,0.2847507134880471,0.003400728255562299,3,2,2,3,65.28005371093741,-36.95999755859373,77.43994140625,57.5999816894531,14.8800048828125,116.934326171875,8.6400146484375,112.800048828125,199.02080078124982,-86.39995117187482,-36.0,-18.585583496093705,-43.67999877929685,79.67995605468741,65.0498046875
1762752436.18134,0.3330357403072218,0.0029676268731219663,3,2,2,3,67.68007812499991,-34.55997314453123,77.43994140625,60.0000061035156,14.8800048828125,116.934326171875,11.0400390625,108.0,199.02080078124982,-88.80009765624982,-38.400146484375,-22.457592773437455,-38.8800109863281,82.07998046874991,65.0498046875
1762752436.2764156,0.21758896733528385,0.00310403993874824,3,2,2,3,70.07998046874991,-36.95999755859373,81.31201171875,55.20001831054685,7.67999267578125,120.806396484375,11.0400390625,108.0,199.02080078124982,-81.60014648437482,-38.400146484375,-10.841564941406205,-38.8800109863281,82.07998046874991,68.921630859375
1762752436.3693316,0.28274796502041605,0.0032580188521951527,3,2,2,3,65.28005371093741,-39.36002197265623,77.43994140625,50.4000305175781,12.480010986328125,116.934326171875,11.0400390625,105.60009765625,195.14873046874982,-84.00004882812482,-38.400146484375,-18.585583496093705,-36.4799865722656,82.07998046874991,68.921630859375
1762752436.4779868,0.32025809983696985,0.0032159283542061248,3,2,2,3,65.28005371093741,-41.75998535156248,81.31201171875,55.20001831054685,17.279998779296875,116.934326171875,11.0400390625,103.199951171875,183.53276367187482,-88.80009765624982,-40.800048828125,-18.585583496093705,-36.4799865722656,79.67995605468741,65.0498046875
1762752436.573341,0.3177762257158607,0.003026683425573584,3,2,2,3,0.0,0.0,0.0,0.0,0.0,0.0,0.0,0.0,0.0,0.0,0.0,0.0,0.0,0.0,0.0
1762752436.683262,0.29885296149734497,0.003630519253816663,3,2,2,3,67.68007812499991,-39.36002197265623,77.43994140625,57.5999816894531,12.480010986328125,113.0625,13.43994140625,105.60009765625,199.02080078124982,-86.39995117187482,-40.800048828125,-18.585583496093705,-36.4799865722656,77.28005371093741,72.793701171875
1762752436.7744372,0.19981428277771862,0.0033515615339762875,3,2,2,3,65.28005371093741,-36.95999755859373,85.18408203125,52.79999389648435,14.8800048828125,109.1904296875,13.43994140625,108.0,183.53276367187482,-81.60014648437482,-38.400146484375,-18.585583496093705,-41.28000488281248,84.48000488281241,65.0498046875
1762752437.2764606,0.25026737488656936,0.0031402995277004554,3,2,2,3,62.88002929687491,-34.55997314453123,73.568115234375,48.0000061035156,12.480010986328125,105.318359375,13.43994140625,98.39990234375,183.53276367187482,-79.19999999999982,-36.0,-18.585583496093705,-38.8800109863281,77.28005371093741,61.177734375
1762752437.4778783,0.3711339328614603,0.0032204448247124644,3,2,2,3,60.48000488281241,-39.36002197265623,81.31201171875,48.0000061035156,12.480010986328125,109.1904296875,8.6400146484375,103.199951171875,183.53276367187482,-79.19999999999982,-36.0,-14.713574218749955,-34.07999267578123,77.28005371093741,61.177734375
1762752437.6849558,0.33538422970442616,0.0034315361626826055,3,2,2,3,60.48000488281241,-36.95999755859373,73.568115234375,52.79999389648435,5.279998779296875,105.318359375,11.0400390625,100.800048828125,183.53276367187482,-76.80009765624982,-36.0,-14.713574218749955,-36.4799865722656,74.88002929687491,61.177734375
1762752437.770764,0.2634733580830162,0.0033242156587868403,3,2,2,3,58.07998046874991,-36.95999755859373,81.31201171875,50.4000305175781,12.480010986328125,105.318359375,11.0400390625,98.39990234375,179.66069335937482,-76.80009765624982,-36.0,-10.841564941406205,-36.4799865722656,79.67995605468741,68.921630859375
1762752437.8852882,0.2826425244788517,0.0033319522718265734,3,2,2,3,62.88002929687491,-32.16000976562498,77.43994140625,52.79999389648435,10.079986572265625,105.318359375,8.6400146484375,93.60009765625,175.78886718749982,-79.19999999999982,-33.60009765625,-10.841564941406205,-34.07999267578123,77.28005371093741,61.177734375
1762752438.0725975,0.30082282241785474,0.0030040765551219316,3,2,2,3,55.68007812499991,-32.16000976562498,73.568115234375,45.5999816894531,10.079986572265625,101.4462890625,11.0400390625,98.39990234375,183.53276367187482,-76.80009765624982,-33.60009765625,-10.841564941406205,-38.8800109863281,74.88002929687491,65.0498046875
